transaction_id,customer_id,date,amount,transaction_type,merchant,category,channel,recurring,description
txn_cust_001_0001,cust_001,2025-07-04,58000.0,credit,School Teacher Salary,Salary,NEFT,True,Salary credit Jul 2025
txn_cust_001_0002,cust_001,2025-07-12,12000.79,debit,Landlord Transfer,Rent,UPI,True,Rent payment - Landlord Transfer
txn_cust_001_0003,cust_001,2025-07-26,5550.21,debit,Local Kirana,Groceries,UPI,True,Groceries payment - Local Kirana
txn_cust_001_0004,cust_001,2025-07-07,2157.17,debit,MPEZ,Utilities,NEFT,True,Utilities payment - MPEZ
txn_cust_001_0005,cust_001,2025-07-24,486.32,debit,Ola,Transport,NEFT,False,Transport payment - Ola
txn_cust_001_0006,cust_001,2025-07-18,467.06,debit,Ola,Transport,Cash,False,Transport payment - Ola
txn_cust_001_0007,cust_001,2025-07-23,348.07,debit,Auto Stand,Transport,UPI,False,Transport payment - Auto Stand
txn_cust_001_0008,cust_001,2025-07-09,624.83,debit,MedPlus,Healthcare,Debit Card,False,Healthcare payment - MedPlus
txn_cust_001_0009,cust_001,2025-07-08,1327.19,debit,Byju's,Education,Cash,True,Education payment - Byju's
txn_cust_001_0010,cust_001,2025-07-13,1919.28,debit,Myntra,Shopping,Cash,False,Shopping payment - Myntra
txn_cust_001_0011,cust_001,2025-07-08,271.12,debit,PVR Cinema,Entertainment,UPI,False,Entertainment payment - PVR Cinema
txn_cust_001_0012,cust_001,2025-07-24,100.0,debit,PVR Cinema,Entertainment,NEFT,False,Entertainment payment - PVR Cinema
txn_cust_001_0013,cust_001,2025-07-27,139.6,debit,Netflix,Entertainment,UPI,False,Entertainment payment - Netflix
txn_cust_001_0014,cust_001,2025-07-07,9499.09,debit,HDFC Bank EMI,EMI,UPI,True,EMI payment - HDFC Bank EMI
txn_cust_001_0015,cust_001,2025-07-17,4269.28,debit,SBI RD,Savings,Cash,True,Savings payment - SBI RD
txn_cust_001_0016,cust_001,2025-07-16,550.07,debit,PhonePe,UPI Transfer,Debit Card,False,UPI Transfer payment - PhonePe
txn_cust_001_0017,cust_001,2025-07-27,414.24,debit,PhonePe,UPI Transfer,NEFT,False,UPI Transfer payment - PhonePe
txn_cust_001_0018,cust_001,2025-07-19,377.97,debit,Google Pay,UPI Transfer,Debit Card,False,UPI Transfer payment - Google Pay
txn_cust_001_0019,cust_001,2025-08-07,58000.0,credit,School Teacher Salary,Salary,NEFT,True,Salary credit Aug 2025
txn_cust_001_0020,cust_001,2025-08-11,11999.84,debit,Landlord Transfer,Rent,UPI,True,Rent payment - Landlord Transfer
txn_cust_001_0021,cust_001,2025-08-14,5513.41,debit,Big Bazaar,Groceries,Debit Card,True,Groceries payment - Big Bazaar
txn_cust_001_0022,cust_001,2025-08-06,2250.65,debit,MPEZ,Utilities,Debit Card,True,Utilities payment - MPEZ
txn_cust_001_0023,cust_001,2025-08-24,1331.46,debit,Auto Stand,Transport,NEFT,False,Transport payment - Auto Stand
txn_cust_001_0024,cust_001,2025-08-08,150.53,debit,MedPlus,Healthcare,Debit Card,False,Healthcare payment - MedPlus
txn_cust_001_0025,cust_001,2025-08-22,394.05,debit,City Hospital,Healthcare,Debit Card,False,Healthcare payment - City Hospital
txn_cust_001_0026,cust_001,2025-08-11,1288.5,debit,Byju's,Education,Cash,True,Education payment - Byju's
txn_cust_001_0027,cust_001,2025-08-08,2572.17,debit,Ajio,Shopping,NEFT,False,Shopping payment - Ajio
txn_cust_001_0028,cust_001,2025-08-17,100.0,debit,Netflix,Entertainment,Cash,False,Entertainment payment - Netflix
txn_cust_001_0029,cust_001,2025-08-20,100.0,debit,PVR Cinema,Entertainment,UPI,False,Entertainment payment - PVR Cinema
txn_cust_001_0030,cust_001,2025-08-25,425.63,debit,Netflix,Entertainment,Debit Card,False,Entertainment payment - Netflix
txn_cust_001_0031,cust_001,2025-08-13,9500.11,debit,HDFC Bank EMI,EMI,NEFT,True,EMI payment - HDFC Bank EMI
txn_cust_001_0032,cust_001,2025-08-18,4547.16,debit,SBI RD,Savings,Debit Card,True,Savings payment - SBI RD
txn_cust_001_0033,cust_001,2025-08-07,514.9,debit,Google Pay,UPI Transfer,NEFT,False,UPI Transfer payment - Google Pay
txn_cust_001_0034,cust_001,2025-08-08,302.15,debit,Google Pay,UPI Transfer,NEFT,False,UPI Transfer payment - Google Pay
txn_cust_001_0035,cust_001,2025-08-20,219.38,debit,PhonePe,UPI Transfer,Debit Card,False,UPI Transfer payment - PhonePe
txn_cust_001_0036,cust_001,2025-09-05,58000.0,credit,School Teacher Salary,Salary,NEFT,True,Salary credit Sep 2025
txn_cust_001_0037,cust_001,2025-09-03,11999.57,debit,Landlord Transfer,Rent,Debit Card,True,Rent payment - Landlord Transfer
txn_cust_001_0038,cust_001,2025-09-12,6046.28,debit,DMart,Groceries,UPI,True,Groceries payment - DMart
txn_cust_001_0039,cust_001,2025-09-10,1939.35,debit,BSNL,Utilities,UPI,True,Utilities payment - BSNL
txn_cust_001_0040,cust_001,2025-09-27,1437.38,debit,BRTS,Transport,NEFT,False,Transport payment - BRTS
txn_cust_001_0041,cust_001,2025-09-24,100.0,debit,City Hospital,Healthcare,NEFT,False,Healthcare payment - City Hospital
txn_cust_001_0042,cust_001,2025-09-16,1461.66,debit,Byju's,Education,NEFT,True,Education payment - Byju's
txn_cust_001_0043,cust_001,2025-09-12,1506.76,debit,Amazon,Shopping,Debit Card,False,Shopping payment - Amazon
txn_cust_001_0044,cust_001,2025-09-06,460.92,debit,Myntra,Shopping,NEFT,False,Shopping payment - Myntra
txn_cust_001_0045,cust_001,2025-09-05,985.95,debit,Amazon,Shopping,UPI,False,Shopping payment - Amazon
txn_cust_001_0046,cust_001,2025-09-03,100.0,debit,Netflix,Entertainment,UPI,False,Entertainment payment - Netflix
txn_cust_001_0047,cust_001,2025-09-10,155.71,debit,Netflix,Entertainment,UPI,False,Entertainment payment - Netflix
txn_cust_001_0048,cust_001,2025-09-10,224.37,debit,PVR Cinema,Entertainment,Cash,False,Entertainment payment - PVR Cinema
txn_cust_001_0049,cust_001,2025-09-09,9499.7,debit,HDFC Bank EMI,EMI,Cash,True,EMI payment - HDFC Bank EMI
txn_cust_001_0050,cust_001,2025-09-16,5024.89,debit,SBI RD,Savings,UPI,True,Savings payment - SBI RD
txn_cust_001_0051,cust_001,2025-09-24,2065.36,debit,Google Pay,UPI Transfer,Debit Card,False,UPI Transfer payment - Google Pay
txn_cust_001_0052,cust_001,2025-10-05,58000.0,credit,School Teacher Salary,Salary,NEFT,True,Salary credit Oct 2025
txn_cust_001_0053,cust_001,2025-10-04,11998.31,debit,Landlord Transfer,Rent,UPI,True,Rent payment - Landlord Transfer
txn_cust_001_0054,cust_001,2025-10-15,5923.33,debit,Local Kirana,Groceries,Debit Card,True,Groceries payment - Local Kirana
txn_cust_001_0055,cust_001,2025-10-09,2230.07,debit,MPEZ,Utilities,Cash,True,Utilities payment - MPEZ
txn_cust_001_0056,cust_001,2025-10-16,1362.91,debit,Ola,Transport,Debit Card,False,Transport payment - Ola
txn_cust_001_0057,cust_001,2025-10-17,400.83,debit,MedPlus,Healthcare,UPI,False,Healthcare payment - MedPlus
txn_cust_001_0058,cust_001,2025-10-23,1079.8,debit,MedPlus,Healthcare,UPI,False,Healthcare payment - MedPlus
txn_cust_001_0059,cust_001,2025-10-08,1847.82,debit,School Fee,Education,Cash,True,Education payment - School Fee
txn_cust_001_0060,cust_001,2025-10-09,816.3,debit,Amazon,Shopping,UPI,False,Shopping payment - Amazon
txn_cust_001_0061,cust_001,2025-10-15,1266.78,debit,Amazon,Shopping,Cash,False,Shopping payment - Amazon
txn_cust_001_0062,cust_001,2025-10-16,308.47,debit,PVR Cinema,Entertainment,NEFT,False,Entertainment payment - PVR Cinema
txn_cust_001_0063,cust_001,2025-10-04,338.76,debit,Netflix,Entertainment,Debit Card,False,Entertainment payment - Netflix
txn_cust_001_0064,cust_001,2025-10-04,9500.65,debit,HDFC Bank EMI,EMI,Cash,True,EMI payment - HDFC Bank EMI
txn_cust_001_0065,cust_001,2025-10-08,4021.53,debit,SBI RD,Savings,UPI,True,Savings payment - SBI RD
txn_cust_001_0066,cust_001,2025-10-05,1482.47,debit,PhonePe,UPI Transfer,NEFT,False,UPI Transfer payment - PhonePe
txn_cust_001_0067,cust_001,2025-11-04,58000.0,credit,School Teacher Salary,Salary,NEFT,True,Salary credit Nov 2025
txn_cust_001_0068,cust_001,2025-11-09,12001.53,debit,Landlord Transfer,Rent,UPI,True,Rent payment - Landlord Transfer
txn_cust_001_0069,cust_001,2025-11-15,6986.5,debit,Local Kirana,Groceries,Debit Card,True,Groceries payment - Local Kirana
txn_cust_001_0070,cust_001,2025-11-24,2672.58,debit,Airtel,Utilities,NEFT,True,Utilities payment - Airtel
txn_cust_001_0071,cust_001,2025-11-14,709.56,debit,Ola,Transport,Debit Card,False,Transport payment - Ola
txn_cust_001_0072,cust_001,2025-11-04,417.36,debit,Ola,Transport,Cash,False,Transport payment - Ola
txn_cust_001_0073,cust_001,2025-11-20,388.82,debit,MedPlus,Healthcare,UPI,False,Healthcare payment - MedPlus
txn_cust_001_0074,cust_001,2025-11-06,100.0,debit,City Hospital,Healthcare,UPI,False,Healthcare payment - City Hospital
txn_cust_001_0075,cust_001,2025-11-09,211.03,debit,City Hospital,Healthcare,Debit Card,False,Healthcare payment - City Hospital
txn_cust_001_0076,cust_001,2025-11-24,1707.51,debit,School Fee,Education,UPI,True,Education payment - School Fee
txn_cust_001_0077,cust_001,2025-11-28,1565.88,debit,Ajio,Shopping,Debit Card,False,Shopping payment - Ajio
txn_cust_001_0078,cust_001,2025-11-06,1121.37,debit,Amazon,Shopping,UPI,False,Shopping payment - Amazon
txn_cust_001_0079,cust_001,2025-11-05,883.8,debit,Ajio,Shopping,NEFT,False,Shopping payment - Ajio
txn_cust_001_0080,cust_001,2025-11-12,279.55,debit,Netflix,Entertainment,Debit Card,False,Entertainment payment - Netflix
txn_cust_001_0081,cust_001,2025-11-18,401.12,debit,PVR Cinema,Entertainment,Debit Card,False,Entertainment payment - PVR Cinema
txn_cust_001_0082,cust_001,2025-11-04,9501.6,debit,HDFC Bank EMI,EMI,Debit Card,True,EMI payment - HDFC Bank EMI
txn_cust_001_0083,cust_001,2025-11-03,4457.97,debit,SBI RD,Savings,Debit Card,True,Savings payment - SBI RD
txn_cust_001_0084,cust_001,2025-11-25,1246.18,debit,Google Pay,UPI Transfer,Cash,False,UPI Transfer payment - Google Pay
txn_cust_001_0085,cust_001,2025-12-05,58000.0,credit,School Teacher Salary,Salary,NEFT,True,Salary credit Dec 2025
txn_cust_001_0086,cust_001,2025-12-02,11999.41,debit,Landlord Transfer,Rent,UPI,True,Rent payment - Landlord Transfer
txn_cust_001_0087,cust_001,2025-12-06,7292.25,debit,Local Kirana,Groceries,UPI,True,Groceries payment - Local Kirana
txn_cust_001_0088,cust_001,2025-12-28,2515.51,debit,Airtel,Utilities,NEFT,True,Utilities payment - Airtel
txn_cust_001_0089,cust_001,2025-12-27,839.65,debit,Ola,Transport,Debit Card,False,Transport payment - Ola
txn_cust_001_0090,cust_001,2025-12-08,842.45,debit,BRTS,Transport,NEFT,False,Transport payment - BRTS
txn_cust_001_0091,cust_001,2025-12-29,544.65,debit,City Hospital,Healthcare,NEFT,False,Healthcare payment - City Hospital
txn_cust_001_0092,cust_001,2025-12-09,476.19,debit,MedPlus,Healthcare,NEFT,False,Healthcare payment - MedPlus
txn_cust_001_0093,cust_001,2025-12-25,299.6,debit,City Hospital,Healthcare,Cash,False,Healthcare payment - City Hospital
txn_cust_001_0094,cust_001,2025-12-27,1469.62,debit,Byju's,Education,Debit Card,True,Education payment - Byju's
txn_cust_001_0095,cust_001,2025-12-29,3133.55,debit,Myntra,Shopping,Cash,False,Shopping payment - Myntra
txn_cust_001_0096,cust_001,2025-12-08,460.44,debit,PVR Cinema,Entertainment,Debit Card,False,Entertainment payment - PVR Cinema
txn_cust_001_0097,cust_001,2025-12-09,9499.39,debit,HDFC Bank EMI,EMI,UPI,True,EMI payment - HDFC Bank EMI
txn_cust_001_0098,cust_001,2025-12-23,5837.61,debit,SBI RD,Savings,Cash,True,Savings payment - SBI RD
txn_cust_001_0099,cust_001,2025-12-26,733.05,debit,Google Pay,UPI Transfer,Debit Card,False,UPI Transfer payment - Google Pay
txn_cust_001_0100,cust_001,2025-12-22,843.31,debit,Google Pay,UPI Transfer,Debit Card,False,UPI Transfer payment - Google Pay
txn_cust_002_0001,cust_002,2025-07-04,31708.34,credit,Auto Driver Salary,Salary,NEFT,True,Salary credit Jul 2025
txn_cust_002_0002,cust_002,2025-07-23,7278.61,debit,Landlord Transfer,Rent,UPI,True,Rent payment - Landlord Transfer
txn_cust_002_0003,cust_002,2025-07-08,5456.87,debit,Reliance Fresh,Groceries,Debit Card,True,Groceries payment - Reliance Fresh
txn_cust_002_0004,cust_002,2025-07-24,1753.36,debit,Torrent Power,Utilities,Cash,True,Utilities payment - Torrent Power
txn_cust_002_0005,cust_002,2025-07-11,437.39,debit,Ola,Transport,UPI,False,Transport payment - Ola
txn_cust_002_0006,cust_002,2025-07-30,662.69,debit,Fuel Station,Transport,Debit Card,False,Transport payment - Fuel Station
txn_cust_002_0007,cust_002,2025-07-18,651.67,debit,Fuel Station,Transport,Debit Card,False,Transport payment - Fuel Station
txn_cust_002_0008,cust_002,2025-07-28,196.5,debit,MedPlus,Healthcare,Debit Card,False,Healthcare payment - MedPlus
txn_cust_002_0009,cust_002,2025-07-26,1214.67,debit,MedPlus,Healthcare,Debit Card,False,Healthcare payment - MedPlus
txn_cust_002_0010,cust_002,2025-07-09,226.12,debit,District Hospital,Healthcare,Cash,False,Healthcare payment - District Hospital
txn_cust_002_0011,cust_002,2025-07-26,2144.55,debit,School Fee,Education,NEFT,True,Education payment - School Fee
txn_cust_002_0012,cust_002,2025-07-31,153.05,debit,Amazon,Shopping,Debit Card,False,Shopping payment - Amazon
txn_cust_002_0013,cust_002,2025-07-14,285.49,debit,Amazon,Shopping,Cash,False,Shopping payment - Amazon
txn_cust_002_0014,cust_002,2025-07-15,481.16,debit,Meesho,Shopping,Cash,False,Shopping payment - Meesho
txn_cust_002_0015,cust_002,2025-07-26,100.0,debit,Hotstar,Entertainment,Cash,False,Entertainment payment - Hotstar
txn_cust_002_0016,cust_002,2025-07-28,303.21,debit,Hotstar,Entertainment,UPI,False,Entertainment payment - Hotstar
txn_cust_002_0017,cust_002,2025-07-14,13497.56,debit,SBI EMI,EMI,UPI,True,EMI payment - SBI EMI
txn_cust_002_0018,cust_002,2025-07-11,1733.9,debit,PhonePe,UPI Transfer,UPI,False,UPI Transfer payment - PhonePe
txn_cust_002_0019,cust_002,2025-08-06,27421.83,credit,Auto Driver Salary,Salary,NEFT,True,Salary credit Aug 2025
txn_cust_002_0020,cust_002,2025-08-23,6684.48,debit,Landlord Transfer,Rent,Cash,True,Rent payment - Landlord Transfer
txn_cust_002_0021,cust_002,2025-08-10,4789.15,debit,Reliance Fresh,Groceries,Cash,True,Groceries payment - Reliance Fresh
txn_cust_002_0022,cust_002,2025-08-16,2088.74,debit,Torrent Power,Utilities,NEFT,True,Utilities payment - Torrent Power
txn_cust_002_0023,cust_002,2025-08-31,451.47,debit,Fuel Station,Transport,Cash,False,Transport payment - Fuel Station
txn_cust_002_0024,cust_002,2025-08-11,146.0,debit,Fuel Station,Transport,Cash,False,Transport payment - Fuel Station
txn_cust_002_0025,cust_002,2025-08-31,858.6,debit,Fuel Station,Transport,Cash,False,Transport payment - Fuel Station
txn_cust_002_0026,cust_002,2025-08-29,1781.94,debit,MedPlus,Healthcare,Debit Card,False,Healthcare payment - MedPlus
txn_cust_002_0027,cust_002,2025-08-23,2601.29,debit,School Fee,Education,Cash,True,Education payment - School Fee
txn_cust_002_0028,cust_002,2025-08-27,679.45,debit,Meesho,Shopping,Cash,False,Shopping payment - Meesho
txn_cust_002_0029,cust_002,2025-08-12,203.21,debit,Hotstar,Entertainment,NEFT,False,Entertainment payment - Hotstar
txn_cust_002_0030,cust_002,2025-08-12,100.0,debit,Hotstar,Entertainment,UPI,False,Entertainment payment - Hotstar
txn_cust_002_0031,cust_002,2025-08-14,13499.83,debit,SBI EMI,EMI,UPI,True,EMI payment - SBI EMI
txn_cust_002_0032,cust_002,2025-08-08,1430.43,debit,PhonePe,UPI Transfer,Cash,False,UPI Transfer payment - PhonePe
txn_cust_002_0033,cust_002,2025-09-03,30530.96,credit,Auto Driver Salary,Salary,NEFT,True,Salary credit Sep 2025
txn_cust_002_0034,cust_002,2025-09-20,7470.55,debit,Landlord Transfer,Rent,Cash,True,Rent payment - Landlord Transfer
txn_cust_002_0035,cust_002,2025-09-04,6401.85,debit,Local Kirana,Groceries,Cash,True,Groceries payment - Local Kirana
txn_cust_002_0036,cust_002,2025-09-25,1273.2,debit,Torrent Power,Utilities,Cash,True,Utilities payment - Torrent Power
txn_cust_002_0037,cust_002,2025-09-03,1438.74,debit,Ola,Transport,Debit Card,False,Transport payment - Ola
txn_cust_002_0038,cust_002,2025-09-29,1017.12,debit,Ola,Transport,NEFT,False,Transport payment - Ola
txn_cust_002_0039,cust_002,2025-09-10,100.0,debit,MedPlus,Healthcare,Cash,False,Healthcare payment - MedPlus
txn_cust_002_0040,cust_002,2025-09-24,156.98,debit,MedPlus,Healthcare,NEFT,False,Healthcare payment - MedPlus
txn_cust_002_0041,cust_002,2025-09-29,2026.82,debit,School Fee,Education,NEFT,True,Education payment - School Fee
txn_cust_002_0042,cust_002,2025-09-21,100.0,debit,Amazon,Shopping,UPI,False,Shopping payment - Amazon
txn_cust_002_0043,cust_002,2025-09-23,276.36,debit,Meesho,Shopping,NEFT,False,Shopping payment - Meesho
txn_cust_002_0044,cust_002,2025-09-11,513.16,debit,Meesho,Shopping,Debit Card,False,Shopping payment - Meesho
txn_cust_002_0045,cust_002,2025-09-17,258.95,debit,Hotstar,Entertainment,Debit Card,False,Entertainment payment - Hotstar
txn_cust_002_0046,cust_002,2025-09-27,13500.07,debit,SBI EMI,EMI,Debit Card,True,EMI payment - SBI EMI
txn_cust_002_0047,cust_002,2025-09-18,1220.87,debit,PhonePe,UPI Transfer,UPI,False,UPI Transfer payment - PhonePe
txn_cust_002_0048,cust_002,2025-10-04,31999.56,credit,Auto Driver Salary,Salary,NEFT,True,Salary credit Oct 2025
txn_cust_002_0049,cust_002,2025-10-23,7030.4,debit,Landlord Transfer,Rent,UPI,True,Rent payment - Landlord Transfer
txn_cust_002_0050,cust_002,2025-10-10,6372.12,debit,Local Kirana,Groceries,UPI,True,Groceries payment - Local Kirana
txn_cust_002_0051,cust_002,2025-10-18,1586.43,debit,Torrent Power,Utilities,NEFT,True,Utilities payment - Torrent Power
txn_cust_002_0052,cust_002,2025-10-25,796.05,debit,Ola,Transport,Debit Card,False,Transport payment - Ola
txn_cust_002_0053,cust_002,2025-10-26,1270.09,debit,Fuel Station,Transport,NEFT,False,Transport payment - Fuel Station
txn_cust_002_0054,cust_002,2025-10-06,1463.28,debit,District Hospital,Healthcare,Debit Card,False,Healthcare payment - District Hospital
txn_cust_002_0055,cust_002,2025-10-15,100.0,debit,MedPlus,Healthcare,NEFT,False,Healthcare payment - MedPlus
txn_cust_002_0056,cust_002,2025-10-05,1699.54,debit,School Fee,Education,UPI,True,Education payment - School Fee
txn_cust_002_0057,cust_002,2025-10-22,473.16,debit,Amazon,Shopping,UPI,False,Shopping payment - Amazon
txn_cust_002_0058,cust_002,2025-10-14,100.0,debit,Meesho,Shopping,Debit Card,False,Shopping payment - Meesho
txn_cust_002_0059,cust_002,2025-10-03,749.53,debit,Meesho,Shopping,Cash,False,Shopping payment - Meesho
txn_cust_002_0060,cust_002,2025-10-16,581.9,debit,Hotstar,Entertainment,Cash,False,Entertainment payment - Hotstar
txn_cust_002_0061,cust_002,2025-10-26,13499.72,debit,SBI EMI,EMI,Cash,True,EMI payment - SBI EMI
txn_cust_002_0062,cust_002,2025-10-16,587.54,debit,Paytm,UPI Transfer,Debit Card,False,UPI Transfer payment - Paytm
txn_cust_002_0063,cust_002,2025-10-05,1449.69,debit,Paytm,UPI Transfer,Cash,False,UPI Transfer payment - Paytm
txn_cust_002_0064,cust_002,2025-11-04,28370.54,credit,Auto Driver Salary,Salary,NEFT,True,Salary credit Nov 2025
txn_cust_002_0065,cust_002,2025-11-20,6243.58,debit,Landlord Transfer,Rent,Debit Card,True,Rent payment - Landlord Transfer
txn_cust_002_0066,cust_002,2025-11-07,7919.51,debit,Reliance Fresh,Groceries,NEFT,True,Groceries payment - Reliance Fresh
txn_cust_002_0067,cust_002,2025-11-13,1939.98,debit,BSNL,Utilities,Debit Card,True,Utilities payment - BSNL
txn_cust_002_0068,cust_002,2025-11-10,1454.07,debit,Fuel Station,Transport,NEFT,False,Transport payment - Fuel Station
txn_cust_002_0069,cust_002,2025-11-04,575.32,debit,Fuel Station,Transport,Cash,False,Transport payment - Fuel Station
txn_cust_002_0070,cust_002,2025-11-17,331.61,debit,MedPlus,Healthcare,Cash,False,Healthcare payment - MedPlus
txn_cust_002_0071,cust_002,2025-11-27,598.85,debit,District Hospital,Healthcare,UPI,False,Healthcare payment - District Hospital
txn_cust_002_0072,cust_002,2025-11-09,1916.2,debit,School Fee,Education,Debit Card,True,Education payment - School Fee
txn_cust_002_0073,cust_002,2025-11-19,991.58,debit,Meesho,Shopping,Cash,False,Shopping payment - Meesho
txn_cust_002_0074,cust_002,2025-11-13,1105.65,debit,Meesho,Shopping,Debit Card,False,Shopping payment - Meesho
txn_cust_002_0075,cust_002,2025-11-10,195.99,debit,Hotstar,Entertainment,UPI,False,Entertainment payment - Hotstar
txn_cust_002_0076,cust_002,2025-11-25,176.56,debit,Hotstar,Entertainment,NEFT,False,Entertainment payment - Hotstar
txn_cust_002_0077,cust_002,2025-11-08,13499.14,debit,SBI EMI,EMI,Debit Card,True,EMI payment - SBI EMI
txn_cust_002_0078,cust_002,2025-11-21,285.54,debit,Paytm,UPI Transfer,UPI,False,UPI Transfer payment - Paytm
txn_cust_002_0079,cust_002,2025-11-28,426.18,debit,PhonePe,UPI Transfer,Debit Card,False,UPI Transfer payment - PhonePe
txn_cust_002_0080,cust_002,2025-11-02,690.32,debit,PhonePe,UPI Transfer,Debit Card,False,UPI Transfer payment - PhonePe
txn_cust_002_0081,cust_002,2025-12-01,27418.48,credit,Auto Driver Salary,Salary,NEFT,True,Salary credit Dec 2025
txn_cust_002_0082,cust_002,2025-12-19,7311.32,debit,Landlord Transfer,Rent,NEFT,True,Rent payment - Landlord Transfer
txn_cust_002_0083,cust_002,2025-12-05,4917.18,debit,Local Kirana,Groceries,Debit Card,True,Groceries payment - Local Kirana
txn_cust_002_0084,cust_002,2025-12-17,1290.48,debit,BSNL,Utilities,Cash,True,Utilities payment - BSNL
txn_cust_002_0085,cust_002,2025-12-29,1052.07,debit,Ola,Transport,UPI,False,Transport payment - Ola
txn_cust_002_0086,cust_002,2025-12-28,1119.02,debit,Fuel Station,Transport,Cash,False,Transport payment - Fuel Station
txn_cust_002_0087,cust_002,2025-12-03,1505.5,debit,District Hospital,Healthcare,NEFT,False,Healthcare payment - District Hospital
txn_cust_002_0088,cust_002,2025-12-27,1129.48,debit,MedPlus,Healthcare,UPI,False,Healthcare payment - MedPlus
txn_cust_002_0089,cust_002,2025-12-26,2150.53,debit,School Fee,Education,NEFT,True,Education payment - School Fee
txn_cust_002_0090,cust_002,2025-12-14,394.88,debit,Meesho,Shopping,Cash,False,Shopping payment - Meesho
txn_cust_002_0091,cust_002,2025-12-15,295.82,debit,Meesho,Shopping,UPI,False,Shopping payment - Meesho
txn_cust_002_0092,cust_002,2025-12-21,739.77,debit,Amazon,Shopping,NEFT,False,Shopping payment - Amazon
txn_cust_002_0093,cust_002,2025-12-07,168.97,debit,Hotstar,Entertainment,NEFT,False,Entertainment payment - Hotstar
txn_cust_002_0094,cust_002,2025-12-19,275.92,debit,Hotstar,Entertainment,NEFT,False,Entertainment payment - Hotstar
txn_cust_002_0095,cust_002,2025-12-21,242.75,debit,Hotstar,Entertainment,Debit Card,False,Entertainment payment - Hotstar
txn_cust_002_0096,cust_002,2025-12-03,13500.02,debit,Bajaj Finance EMI,EMI,Debit Card,True,EMI payment - Bajaj Finance EMI
txn_cust_002_0097,cust_002,2025-12-04,558.8,debit,PhonePe,UPI Transfer,Debit Card,False,UPI Transfer payment - PhonePe
txn_cust_002_0098,cust_002,2025-12-27,1183.96,debit,PhonePe,UPI Transfer,Cash,False,UPI Transfer payment - PhonePe
txn_cust_002_0099,cust_002,2025-12-06,809.59,debit,Paytm,UPI Transfer,NEFT,False,UPI Transfer payment - Paytm
txn_cust_003_0001,cust_003,2025-07-04,25000.0,credit,Tailor Salary,Salary,NEFT,True,Salary credit Jul 2025
txn_cust_003_0002,cust_003,2025-07-06,5000.47,debit,Landlord Transfer,Rent,Debit Card,True,Rent payment - Landlord Transfer
txn_cust_003_0003,cust_003,2025-07-14,3037.4,debit,Reliance Fresh,Groceries,UPI,True,Groceries payment - Reliance Fresh
txn_cust_003_0004,cust_003,2025-07-19,1042.71,debit,Jio,Utilities,Cash,True,Utilities payment - Jio
txn_cust_003_0005,cust_003,2025-07-07,283.31,debit,E-Rickshaw,Transport,Cash,False,Transport payment - E-Rickshaw
txn_cust_003_0006,cust_003,2025-07-28,399.65,debit,Bus Pass,Transport,Debit Card,False,Transport payment - Bus Pass
txn_cust_003_0007,cust_003,2025-07-31,1044.11,debit,Jan Aushadhi,Healthcare,Debit Card,False,Healthcare payment - Jan Aushadhi
txn_cust_003_0008,cust_003,2025-07-23,938.78,debit,School Fee,Education,NEFT,True,Education payment - School Fee
txn_cust_003_0009,cust_003,2025-07-13,231.77,debit,Meesho,Shopping,Cash,False,Shopping payment - Meesho
txn_cust_003_0010,cust_003,2025-07-25,467.89,debit,Local Shop,Shopping,UPI,False,Shopping payment - Local Shop
txn_cust_003_0011,cust_003,2025-07-26,100.0,debit,YouTube Premium,Entertainment,NEFT,False,Entertainment payment - YouTube Premium
txn_cust_003_0012,cust_003,2025-07-15,155.14,debit,YouTube Premium,Entertainment,Cash,False,Entertainment payment - YouTube Premium
txn_cust_003_0013,cust_003,2025-07-31,3770.74,debit,Post Office RD,Savings,Cash,True,Savings payment - Post Office RD
txn_cust_003_0014,cust_003,2025-07-15,1736.32,debit,PhonePe,UPI Transfer,Debit Card,False,UPI Transfer payment - PhonePe
txn_cust_003_0015,cust_003,2025-08-03,25000.0,credit,Tailor Salary,Salary,NEFT,True,Salary credit Aug 2025
txn_cust_003_0016,cust_003,2025-08-20,5001.0,debit,Landlord Transfer,Rent,Cash,True,Rent payment - Landlord Transfer
txn_cust_003_0017,cust_003,2025-08-17,3443.14,debit,Local Market,Groceries,NEFT,True,Groceries payment - Local Market
txn_cust_003_0018,cust_003,2025-08-19,991.99,debit,Jio,Utilities,UPI,True,Utilities payment - Jio
txn_cust_003_0019,cust_003,2025-08-12,767.72,debit,E-Rickshaw,Transport,Debit Card,False,Transport payment - E-Rickshaw
txn_cust_003_0020,cust_003,2025-08-04,326.54,debit,Jan Aushadhi,Healthcare,NEFT,False,Healthcare payment - Jan Aushadhi
txn_cust_003_0021,cust_003,2025-08-13,100.0,debit,Jan Aushadhi,Healthcare,Cash,False,Healthcare payment - Jan Aushadhi
txn_cust_003_0022,cust_003,2025-08-07,1059.84,debit,School Fee,Education,UPI,True,Education payment - School Fee
txn_cust_003_0023,cust_003,2025-08-30,620.58,debit,Meesho,Shopping,Cash,False,Shopping payment - Meesho
txn_cust_003_0024,cust_003,2025-08-26,459.59,debit,Local Shop,Shopping,Cash,False,Shopping payment - Local Shop
txn_cust_003_0025,cust_003,2025-08-30,276.47,debit,Local Shop,Shopping,Cash,False,Shopping payment - Local Shop
txn_cust_003_0026,cust_003,2025-08-10,119.22,debit,YouTube Premium,Entertainment,UPI,False,Entertainment payment - YouTube Premium
txn_cust_003_0027,cust_003,2025-08-12,4059.97,debit,Post Office RD,Savings,Debit Card,True,Savings payment - Post Office RD
txn_cust_003_0028,cust_003,2025-08-27,265.64,debit,PhonePe,UPI Transfer,Cash,False,UPI Transfer payment - PhonePe
txn_cust_003_0029,cust_003,2025-08-31,276.17,debit,PhonePe,UPI Transfer,Cash,False,UPI Transfer payment - PhonePe
txn_cust_003_0030,cust_003,2025-08-21,147.57,debit,PhonePe,UPI Transfer,Cash,False,UPI Transfer payment - PhonePe
txn_cust_003_0031,cust_003,2025-09-04,25000.0,credit,Tailor Salary,Salary,NEFT,True,Salary credit Sep 2025
txn_cust_003_0032,cust_003,2025-09-30,4999.78,debit,Landlord Transfer,Rent,NEFT,True,Rent payment - Landlord Transfer
txn_cust_003_0033,cust_003,2025-09-27,3303.07,debit,Reliance Fresh,Groceries,UPI,True,Groceries payment - Reliance Fresh
txn_cust_003_0034,cust_003,2025-09-13,1152.3,debit,Jio,Utilities,Cash,True,Utilities payment - Jio
txn_cust_003_0035,cust_003,2025-09-23,576.85,debit,E-Rickshaw,Transport,Cash,False,Transport payment - E-Rickshaw
txn_cust_003_0036,cust_003,2025-09-04,387.1,debit,E-Rickshaw,Transport,Debit Card,False,Transport payment - E-Rickshaw
txn_cust_003_0037,cust_003,2025-09-19,627.38,debit,Jan Aushadhi,Healthcare,UPI,False,Healthcare payment - Jan Aushadhi
txn_cust_003_0038,cust_003,2025-09-26,723.43,debit,School Fee,Education,Cash,True,Education payment - School Fee
txn_cust_003_0039,cust_003,2025-09-28,397.9,debit,Local Shop,Shopping,Debit Card,False,Shopping payment - Local Shop
txn_cust_003_0040,cust_003,2025-09-22,321.0,debit,Local Shop,Shopping,UPI,False,Shopping payment - Local Shop
txn_cust_003_0041,cust_003,2025-09-30,527.86,debit,Local Shop,Shopping,Debit Card,False,Shopping payment - Local Shop
txn_cust_003_0042,cust_003,2025-09-25,100.0,debit,YouTube Premium,Entertainment,UPI,False,Entertainment payment - YouTube Premium
txn_cust_003_0043,cust_003,2025-09-24,100.0,debit,YouTube Premium,Entertainment,NEFT,False,Entertainment payment - YouTube Premium
txn_cust_003_0044,cust_003,2025-09-26,100.0,debit,YouTube Premium,Entertainment,Cash,False,Entertainment payment - YouTube Premium
txn_cust_003_0045,cust_003,2025-09-25,4669.89,debit,Post Office RD,Savings,Cash,True,Savings payment - Post Office RD
txn_cust_003_0046,cust_003,2025-09-25,708.26,debit,PhonePe,UPI Transfer,UPI,False,UPI Transfer payment - PhonePe
txn_cust_003_0047,cust_003,2025-10-02,25000.0,credit,Tailor Salary,Salary,NEFT,True,Salary credit Oct 2025
txn_cust_003_0048,cust_003,2025-10-14,4999.85,debit,Landlord Transfer,Rent,Cash,True,Rent payment - Landlord Transfer
txn_cust_003_0049,cust_003,2025-10-07,3591.03,debit,Local Market,Groceries,Cash,True,Groceries payment - Local Market
txn_cust_003_0050,cust_003,2025-10-08,956.47,debit,UP Power,Utilities,UPI,True,Utilities payment - UP Power
txn_cust_003_0051,cust_003,2025-10-30,219.08,debit,Bus Pass,Transport,NEFT,False,Transport payment - Bus Pass
txn_cust_003_0052,cust_003,2025-10-10,178.48,debit,Bus Pass,Transport,Debit Card,False,Transport payment - Bus Pass
txn_cust_003_0053,cust_003,2025-10-17,267.96,debit,Bus Pass,Transport,UPI,False,Transport payment - Bus Pass
txn_cust_003_0054,cust_003,2025-10-08,383.6,debit,Jan Aushadhi,Healthcare,Cash,False,Healthcare payment - Jan Aushadhi
txn_cust_003_0055,cust_003,2025-10-14,100.0,debit,Jan Aushadhi,Healthcare,Cash,False,Healthcare payment - Jan Aushadhi
txn_cust_003_0056,cust_003,2025-10-12,759.53,debit,School Fee,Education,Cash,True,Education payment - School Fee
txn_cust_003_0057,cust_003,2025-10-06,242.98,debit,Meesho,Shopping,Cash,False,Shopping payment - Meesho
txn_cust_003_0058,cust_003,2025-10-25,205.86,debit,Local Shop,Shopping,UPI,False,Shopping payment - Local Shop
txn_cust_003_0059,cust_003,2025-10-15,100.0,debit,YouTube Premium,Entertainment,UPI,False,Entertainment payment - YouTube Premium
txn_cust_003_0060,cust_003,2025-10-26,100.0,debit,YouTube Premium,Entertainment,Cash,False,Entertainment payment - YouTube Premium
txn_cust_003_0061,cust_003,2025-10-29,100.0,debit,YouTube Premium,Entertainment,NEFT,False,Entertainment payment - YouTube Premium
txn_cust_003_0062,cust_003,2025-10-23,3708.4,debit,Post Office RD,Savings,Debit Card,True,Savings payment - Post Office RD
txn_cust_003_0063,cust_003,2025-10-27,189.23,debit,PhonePe,UPI Transfer,UPI,False,UPI Transfer payment - PhonePe
txn_cust_003_0064,cust_003,2025-10-12,424.57,debit,PhonePe,UPI Transfer,UPI,False,UPI Transfer payment - PhonePe
txn_cust_003_0065,cust_003,2025-10-21,157.02,debit,PhonePe,UPI Transfer,NEFT,False,UPI Transfer payment - PhonePe
txn_cust_003_0066,cust_003,2025-11-01,25000.0,credit,Tailor Salary,Salary,NEFT,True,Salary credit Nov 2025
txn_cust_003_0067,cust_003,2025-11-15,5000.75,debit,Landlord Transfer,Rent,NEFT,True,Rent payment - Landlord Transfer
txn_cust_003_0068,cust_003,2025-11-06,3356.49,debit,Reliance Fresh,Groceries,Debit Card,True,Groceries payment - Reliance Fresh
txn_cust_003_0069,cust_003,2025-11-28,1256.0,debit,Jio,Utilities,Debit Card,True,Utilities payment - Jio
txn_cust_003_0070,cust_003,2025-11-29,221.71,debit,Bus Pass,Transport,UPI,False,Transport payment - Bus Pass
txn_cust_003_0071,cust_003,2025-11-26,240.81,debit,E-Rickshaw,Transport,Cash,False,Transport payment - E-Rickshaw
txn_cust_003_0072,cust_003,2025-11-29,271.88,debit,Bus Pass,Transport,UPI,False,Transport payment - Bus Pass
txn_cust_003_0073,cust_003,2025-11-16,385.33,debit,Jan Aushadhi,Healthcare,Debit Card,False,Healthcare payment - Jan Aushadhi
txn_cust_003_0074,cust_003,2025-11-20,216.25,debit,Jan Aushadhi,Healthcare,Debit Card,False,Healthcare payment - Jan Aushadhi
txn_cust_003_0075,cust_003,2025-11-02,856.72,debit,School Fee,Education,NEFT,True,Education payment - School Fee
txn_cust_003_0076,cust_003,2025-11-04,409.89,debit,Local Shop,Shopping,Debit Card,False,Shopping payment - Local Shop
txn_cust_003_0077,cust_003,2025-11-03,284.21,debit,Meesho,Shopping,Debit Card,False,Shopping payment - Meesho
txn_cust_003_0078,cust_003,2025-11-17,266.4,debit,Meesho,Shopping,UPI,False,Shopping payment - Meesho
txn_cust_003_0079,cust_003,2025-11-16,261.51,debit,YouTube Premium,Entertainment,Cash,False,Entertainment payment - YouTube Premium
txn_cust_003_0080,cust_003,2025-11-20,3859.47,debit,Post Office RD,Savings,Cash,True,Savings payment - Post Office RD
txn_cust_003_0081,cust_003,2025-11-15,392.28,debit,PhonePe,UPI Transfer,UPI,False,UPI Transfer payment - PhonePe
txn_cust_003_0082,cust_003,2025-11-24,356.76,debit,PhonePe,UPI Transfer,NEFT,False,UPI Transfer payment - PhonePe
txn_cust_003_0083,cust_003,2025-11-29,100.0,debit,PhonePe,UPI Transfer,UPI,False,UPI Transfer payment - PhonePe
txn_cust_003_0084,cust_003,2025-12-03,25000.0,credit,Tailor Salary,Salary,NEFT,True,Salary credit Dec 2025
txn_cust_003_0085,cust_003,2025-12-19,5000.85,debit,Landlord Transfer,Rent,UPI,True,Rent payment - Landlord Transfer
txn_cust_003_0086,cust_003,2025-12-05,3343.88,debit,Reliance Fresh,Groceries,UPI,True,Groceries payment - Reliance Fresh
txn_cust_003_0087,cust_003,2025-12-23,1258.12,debit,UP Power,Utilities,UPI,True,Utilities payment - UP Power
txn_cust_003_0088,cust_003,2025-12-06,834.24,debit,E-Rickshaw,Transport,UPI,False,Transport payment - E-Rickshaw
txn_cust_003_0089,cust_003,2025-12-08,100.0,debit,Jan Aushadhi,Healthcare,NEFT,False,Healthcare payment - Jan Aushadhi
txn_cust_003_0090,cust_003,2025-12-21,106.56,debit,Jan Aushadhi,Healthcare,Debit Card,False,Healthcare payment - Jan Aushadhi
txn_cust_003_0091,cust_003,2025-12-29,183.09,debit,Jan Aushadhi,Healthcare,NEFT,False,Healthcare payment - Jan Aushadhi
txn_cust_003_0092,cust_003,2025-12-05,626.68,debit,School Fee,Education,NEFT,True,Education payment - School Fee
txn_cust_003_0093,cust_003,2025-12-13,776.25,debit,Meesho,Shopping,Debit Card,False,Shopping payment - Meesho
txn_cust_003_0094,cust_003,2025-12-25,222.55,debit,YouTube Premium,Entertainment,UPI,False,Entertainment payment - YouTube Premium
txn_cust_003_0095,cust_003,2025-12-25,4116.65,debit,Post Office RD,Savings,Cash,True,Savings payment - Post Office RD
txn_cust_003_0096,cust_003,2025-12-05,442.03,debit,PhonePe,UPI Transfer,NEFT,False,UPI Transfer payment - PhonePe
txn_cust_003_0097,cust_003,2025-12-21,163.71,debit,PhonePe,UPI Transfer,Debit Card,False,UPI Transfer payment - PhonePe
txn_cust_004_0001,cust_004,2025-07-07,22000.0,credit,Delivery Executive Salary,Salary,NEFT,True,Salary credit Jul 2025
txn_cust_004_0002,cust_004,2025-07-20,5999.84,debit,Landlord Transfer,Rent,Cash,True,Rent payment - Landlord Transfer
txn_cust_004_0003,cust_004,2025-07-26,2901.42,debit,Swiggy,Groceries,Cash,True,Groceries payment - Swiggy
txn_cust_004_0004,cust_004,2025-07-07,949.32,debit,Jio,Utilities,NEFT,True,Utilities payment - Jio
txn_cust_004_0005,cust_004,2025-07-09,868.38,debit,Rapido,Transport,Debit Card,False,Transport payment - Rapido
txn_cust_004_0006,cust_004,2025-07-19,3729.1,debit,Ajio,Shopping,UPI,False,Shopping payment - Ajio
txn_cust_004_0007,cust_004,2025-07-30,2458.5,debit,Amazon,Shopping,NEFT,False,Shopping payment - Amazon
txn_cust_004_0008,cust_004,2025-07-15,656.41,debit,Spotify,Entertainment,Cash,False,Entertainment payment - Spotify
txn_cust_004_0009,cust_004,2025-07-18,1107.94,debit,Gaming,Entertainment,UPI,False,Entertainment payment - Gaming
txn_cust_004_0010,cust_004,2025-07-16,337.35,debit,PhonePe,UPI Transfer,Cash,False,UPI Transfer payment - PhonePe
txn_cust_004_0011,cust_004,2025-07-07,1328.44,debit,PhonePe,UPI Transfer,UPI,False,UPI Transfer payment - PhonePe
txn_cust_004_0012,cust_004,2025-07-16,100.0,debit,MedPlus,Healthcare,UPI,False,Healthcare payment - MedPlus
txn_cust_004_0013,cust_004,2025-08-07,22000.0,credit,Delivery Executive Salary,Salary,NEFT,True,Salary credit Aug 2025
txn_cust_004_0014,cust_004,2025-08-21,6000.69,debit,Landlord Transfer,Rent,UPI,True,Rent payment - Landlord Transfer
txn_cust_004_0015,cust_004,2025-08-28,2138.61,debit,Zomato,Groceries,UPI,True,Groceries payment - Zomato
txn_cust_004_0016,cust_004,2025-08-13,1216.22,debit,Jio,Utilities,Debit Card,True,Utilities payment - Jio
txn_cust_004_0017,cust_004,2025-08-25,1133.75,debit,Rapido,Transport,NEFT,False,Transport payment - Rapido
txn_cust_004_0018,cust_004,2025-08-15,4349.49,debit,Myntra,Shopping,UPI,False,Shopping payment - Myntra
txn_cust_004_0019,cust_004,2025-08-31,189.32,debit,Gaming,Entertainment,UPI,False,Entertainment payment - Gaming
txn_cust_004_0020,cust_004,2025-08-23,592.69,debit,Gaming,Entertainment,Debit Card,False,Entertainment payment - Gaming
txn_cust_004_0021,cust_004,2025-08-13,2659.49,debit,Google Pay,UPI Transfer,Debit Card,False,UPI Transfer payment - Google Pay
txn_cust_004_0022,cust_004,2025-08-09,582.21,debit,MedPlus,Healthcare,Cash,False,Healthcare payment - MedPlus
txn_cust_004_0023,cust_004,2025-09-02,22000.0,credit,Delivery Executive Salary,Salary,NEFT,True,Salary credit Sep 2025
txn_cust_004_0024,cust_004,2025-09-03,6000.89,debit,Landlord Transfer,Rent,NEFT,True,Rent payment - Landlord Transfer
txn_cust_004_0025,cust_004,2025-09-15,3550.89,debit,Zomato,Groceries,Cash,True,Groceries payment - Zomato
txn_cust_004_0026,cust_004,2025-09-26,896.06,debit,Jio,Utilities,UPI,True,Utilities payment - Jio
txn_cust_004_0027,cust_004,2025-09-07,1985.28,debit,Ola,Transport,UPI,False,Transport payment - Ola
txn_cust_004_0028,cust_004,2025-09-16,2295.31,debit,Ajio,Shopping,Cash,False,Shopping payment - Ajio
txn_cust_004_0029,cust_004,2025-09-16,2020.45,debit,Myntra,Shopping,NEFT,False,Shopping payment - Myntra
txn_cust_004_0030,cust_004,2025-09-16,1676.84,debit,Amazon,Shopping,Debit Card,False,Shopping payment - Amazon
txn_cust_004_0031,cust_004,2025-09-24,502.88,debit,Gaming,Entertainment,Cash,False,Entertainment payment - Gaming
txn_cust_004_0032,cust_004,2025-09-10,384.49,debit,Spotify,Entertainment,UPI,False,Entertainment payment - Spotify
txn_cust_004_0033,cust_004,2025-09-03,618.45,debit,Netflix,Entertainment,Debit Card,False,Entertainment payment - Netflix
txn_cust_004_0034,cust_004,2025-09-12,2184.93,debit,Google Pay,UPI Transfer,UPI,False,UPI Transfer payment - Google Pay
txn_cust_004_0035,cust_004,2025-09-18,100.0,debit,MedPlus,Healthcare,NEFT,False,Healthcare payment - MedPlus
txn_cust_004_0036,cust_004,2025-10-03,22000.0,credit,Delivery Executive Salary,Salary,NEFT,True,Salary credit Oct 2025
txn_cust_004_0037,cust_004,2025-10-19,5998.86,debit,Landlord Transfer,Rent,UPI,True,Rent payment - Landlord Transfer
txn_cust_004_0038,cust_004,2025-10-15,3533.09,debit,Grocery Store,Groceries,UPI,True,Groceries payment - Grocery Store
txn_cust_004_0039,cust_004,2025-10-05,795.64,debit,Jio,Utilities,Cash,True,Utilities payment - Jio
txn_cust_004_0040,cust_004,2025-10-15,586.58,debit,Fuel,Transport,Cash,False,Transport payment - Fuel
txn_cust_004_0041,cust_004,2025-10-13,449.92,debit,Ola,Transport,Cash,False,Transport payment - Ola
txn_cust_004_0042,cust_004,2025-10-29,697.56,debit,Fuel,Transport,Debit Card,False,Transport payment - Fuel
txn_cust_004_0043,cust_004,2025-10-16,4127.69,debit,Ajio,Shopping,UPI,False,Shopping payment - Ajio
txn_cust_004_0044,cust_004,2025-10-30,1091.6,debit,Spotify,Entertainment,Debit Card,False,Entertainment payment - Spotify
txn_cust_004_0045,cust_004,2025-10-05,1154.38,debit,Gaming,Entertainment,UPI,False,Entertainment payment - Gaming
txn_cust_004_0046,cust_004,2025-10-19,1236.75,debit,PhonePe,UPI Transfer,Debit Card,False,UPI Transfer payment - PhonePe
txn_cust_004_0047,cust_004,2025-10-23,168.23,debit,PhonePe,UPI Transfer,NEFT,False,UPI Transfer payment - PhonePe
txn_cust_004_0048,cust_004,2025-10-06,1342.84,debit,PhonePe,UPI Transfer,Debit Card,False,UPI Transfer payment - PhonePe
txn_cust_004_0049,cust_004,2025-10-27,353.27,debit,MedPlus,Healthcare,NEFT,False,Healthcare payment - MedPlus
txn_cust_004_0050,cust_004,2025-11-04,22000.0,credit,Delivery Executive Salary,Salary,NEFT,True,Salary credit Nov 2025
txn_cust_004_0051,cust_004,2025-11-16,6000.51,debit,Landlord Transfer,Rent,Debit Card,True,Rent payment - Landlord Transfer
txn_cust_004_0052,cust_004,2025-11-06,3462.01,debit,Zomato,Groceries,UPI,True,Groceries payment - Zomato
txn_cust_004_0053,cust_004,2025-11-17,788.37,debit,Jio,Utilities,Debit Card,True,Utilities payment - Jio
txn_cust_004_0054,cust_004,2025-11-04,515.42,debit,Rapido,Transport,Cash,False,Transport payment - Rapido
txn_cust_004_0055,cust_004,2025-11-16,598.18,debit,Ola,Transport,UPI,False,Transport payment - Ola
txn_cust_004_0056,cust_004,2025-11-29,2696.22,debit,Amazon,Shopping,Cash,False,Shopping payment - Amazon
txn_cust_004_0057,cust_004,2025-11-16,2151.91,debit,Amazon,Shopping,Cash,False,Shopping payment - Amazon
txn_cust_004_0058,cust_004,2025-11-17,496.85,debit,Gaming,Entertainment,NEFT,False,Entertainment payment - Gaming
txn_cust_004_0059,cust_004,2025-11-03,427.16,debit,Spotify,Entertainment,UPI,False,Entertainment payment - Spotify
txn_cust_004_0060,cust_004,2025-11-24,904.13,debit,Netflix,Entertainment,NEFT,False,Entertainment payment - Netflix
txn_cust_004_0061,cust_004,2025-11-09,232.19,debit,Google Pay,UPI Transfer,Cash,False,UPI Transfer payment - Google Pay
txn_cust_004_0062,cust_004,2025-11-13,100.0,debit,MedPlus,Healthcare,Cash,False,Healthcare payment - MedPlus
txn_cust_004_0063,cust_004,2025-11-15,100.0,debit,MedPlus,Healthcare,UPI,False,Healthcare payment - MedPlus
txn_cust_004_0064,cust_004,2025-11-04,123.48,debit,MedPlus,Healthcare,UPI,False,Healthcare payment - MedPlus
txn_cust_004_0065,cust_004,2025-12-05,22000.0,credit,Delivery Executive Salary,Salary,NEFT,True,Salary credit Dec 2025
txn_cust_004_0066,cust_004,2025-12-23,5998.6,debit,Landlord Transfer,Rent,Debit Card,True,Rent payment - Landlord Transfer
txn_cust_004_0067,cust_004,2025-12-21,2987.75,debit,Swiggy,Groceries,Debit Card,True,Groceries payment - Swiggy
txn_cust_004_0068,cust_004,2025-12-04,1390.62,debit,BSEB,Utilities,Debit Card,True,Utilities payment - BSEB
txn_cust_004_0069,cust_004,2025-12-14,1205.01,debit,Ola,Transport,UPI,False,Transport payment - Ola
txn_cust_004_0070,cust_004,2025-12-11,656.36,debit,Fuel,Transport,Cash,False,Transport payment - Fuel
txn_cust_004_0071,cust_004,2025-12-23,4956.73,debit,Amazon,Shopping,Cash,False,Shopping payment - Amazon
txn_cust_004_0072,cust_004,2025-12-18,1217.77,debit,Myntra,Shopping,UPI,False,Shopping payment - Myntra
txn_cust_004_0073,cust_004,2025-12-08,3483.7,debit,Myntra,Shopping,Cash,False,Shopping payment - Myntra
txn_cust_004_0074,cust_004,2025-12-09,2479.19,debit,Netflix,Entertainment,NEFT,False,Entertainment payment - Netflix
txn_cust_004_0075,cust_004,2025-12-18,1500.1,debit,PhonePe,UPI Transfer,Debit Card,False,UPI Transfer payment - PhonePe
txn_cust_004_0076,cust_004,2025-12-06,212.62,debit,MedPlus,Healthcare,NEFT,False,Healthcare payment - MedPlus
txn_cust_004_0077,cust_004,2025-12-26,165.89,debit,MedPlus,Healthcare,Cash,False,Healthcare payment - MedPlus
txn_cust_004_0078,cust_004,2025-12-03,207.14,debit,MedPlus,Healthcare,Debit Card,False,Healthcare payment - MedPlus
txn_cust_005_0001,cust_005,2025-07-05,18104.72,credit,Street Vendor Salary,Salary,NEFT,True,Salary credit Jul 2025
txn_cust_005_0002,cust_005,2025-07-29,4269.68,debit,Landlord Transfer,Rent,NEFT,True,Rent payment - Landlord Transfer
txn_cust_005_0003,cust_005,2025-07-22,4791.33,debit,Local Market,Groceries,Debit Card,True,Groceries payment - Local Market
txn_cust_005_0004,cust_005,2025-07-31,2013.27,debit,APEPDCL,Utilities,Debit Card,True,Utilities payment - APEPDCL
txn_cust_005_0005,cust_005,2025-07-23,229.1,debit,Bus,Transport,Cash,False,Transport payment - Bus
txn_cust_005_0006,cust_005,2025-07-21,287.81,debit,Bus,Transport,NEFT,False,Transport payment - Bus
txn_cust_005_0007,cust_005,2025-07-31,100.0,debit,Auto,Transport,NEFT,False,Transport payment - Auto
txn_cust_005_0008,cust_005,2025-07-16,1141.82,debit,PHC,Healthcare,UPI,False,Healthcare payment - PHC
txn_cust_005_0009,cust_005,2025-07-14,784.29,debit,PHC,Healthcare,NEFT,False,Healthcare payment - PHC
txn_cust_005_0010,cust_005,2025-07-09,1438.03,debit,School Fee,Education,UPI,True,Education payment - School Fee
txn_cust_005_0011,cust_005,2025-07-12,4502.15,debit,MFI EMI,EMI,Debit Card,True,EMI payment - MFI EMI
txn_cust_005_0012,cust_005,2025-07-16,481.21,debit,PhonePe,UPI Transfer,Cash,False,UPI Transfer payment - PhonePe
txn_cust_005_0013,cust_005,2025-08-05,21540.87,credit,Street Vendor Salary,Salary,NEFT,True,Salary credit Aug 2025
txn_cust_005_0014,cust_005,2025-08-11,4102.42,debit,Landlord Transfer,Rent,Debit Card,True,Rent payment - Landlord Transfer
txn_cust_005_0015,cust_005,2025-08-24,6387.22,debit,Kirana,Groceries,NEFT,True,Groceries payment - Kirana
txn_cust_005_0016,cust_005,2025-08-08,1258.5,debit,APEPDCL,Utilities,Debit Card,True,Utilities payment - APEPDCL
txn_cust_005_0017,cust_005,2025-08-26,372.74,debit,Bus,Transport,Cash,False,Transport payment - Bus
txn_cust_005_0018,cust_005,2025-08-23,322.66,debit,Auto,Transport,UPI,False,Transport payment - Auto
txn_cust_005_0019,cust_005,2025-08-21,1129.36,debit,District Hospital,Healthcare,UPI,False,Healthcare payment - District Hospital
txn_cust_005_0020,cust_005,2025-08-28,1879.38,debit,School Fee,Education,NEFT,True,Education payment - School Fee
txn_cust_005_0021,cust_005,2025-08-17,4499.9,debit,MFI EMI,EMI,UPI,True,EMI payment - MFI EMI
txn_cust_005_0022,cust_005,2025-08-30,1178.08,debit,PhonePe,UPI Transfer,UPI,False,UPI Transfer payment - PhonePe
txn_cust_005_0023,cust_005,2025-09-06,17625.11,credit,Street Vendor Salary,Salary,NEFT,True,Salary credit Sep 2025
txn_cust_005_0024,cust_005,2025-09-16,4005.64,debit,Landlord Transfer,Rent,Debit Card,True,Rent payment - Landlord Transfer
txn_cust_005_0025,cust_005,2025-09-10,5444.84,debit,Kirana,Groceries,NEFT,True,Groceries payment - Kirana
txn_cust_005_0026,cust_005,2025-09-14,1434.96,debit,APEPDCL,Utilities,UPI,True,Utilities payment - APEPDCL
txn_cust_005_0027,cust_005,2025-09-30,345.5,debit,Bus,Transport,UPI,False,Transport payment - Bus
txn_cust_005_0028,cust_005,2025-09-11,121.98,debit,Auto,Transport,Debit Card,False,Transport payment - Auto
txn_cust_005_0029,cust_005,2025-09-14,100.0,debit,PHC,Healthcare,UPI,False,Healthcare payment - PHC
txn_cust_005_0030,cust_005,2025-09-13,1543.91,debit,School Fee,Education,UPI,True,Education payment - School Fee
txn_cust_005_0031,cust_005,2025-09-14,4498.38,debit,MFI EMI,EMI,NEFT,True,EMI payment - MFI EMI
txn_cust_005_0032,cust_005,2025-09-23,100.0,debit,PhonePe,UPI Transfer,NEFT,False,UPI Transfer payment - PhonePe
txn_cust_005_0033,cust_005,2025-09-05,401.32,debit,PhonePe,UPI Transfer,UPI,False,UPI Transfer payment - PhonePe
txn_cust_005_0034,cust_005,2025-09-09,317.2,debit,PhonePe,UPI Transfer,Debit Card,False,UPI Transfer payment - PhonePe
txn_cust_005_0035,cust_005,2025-10-06,20880.41,credit,Street Vendor Salary,Salary,NEFT,True,Salary credit Oct 2025
txn_cust_005_0036,cust_005,2025-10-15,4057.65,debit,Landlord Transfer,Rent,Debit Card,True,Rent payment - Landlord Transfer
txn_cust_005_0037,cust_005,2025-10-12,6123.91,debit,Kirana,Groceries,UPI,True,Groceries payment - Kirana
txn_cust_005_0038,cust_005,2025-10-30,1598.73,debit,BSNL,Utilities,Debit Card,True,Utilities payment - BSNL
txn_cust_005_0039,cust_005,2025-10-15,898.1,debit,Bus,Transport,Cash,False,Transport payment - Bus
txn_cust_005_0040,cust_005,2025-10-08,100.0,debit,District Hospital,Healthcare,Cash,False,Healthcare payment - District Hospital
txn_cust_005_0041,cust_005,2025-10-11,100.0,debit,PHC,Healthcare,Cash,False,Healthcare payment - PHC
txn_cust_005_0042,cust_005,2025-10-05,1764.52,debit,School Fee,Education,NEFT,True,Education payment - School Fee
txn_cust_005_0043,cust_005,2025-10-05,4499.16,debit,MFI EMI,EMI,Debit Card,True,EMI payment - MFI EMI
txn_cust_005_0044,cust_005,2025-10-17,425.57,debit,PhonePe,UPI Transfer,NEFT,False,UPI Transfer payment - PhonePe
txn_cust_005_0045,cust_005,2025-10-04,396.82,debit,PhonePe,UPI Transfer,Cash,False,UPI Transfer payment - PhonePe
txn_cust_005_0046,cust_005,2025-11-01,13765.2,credit,Street Vendor Salary,Salary,NEFT,True,Salary credit Nov 2025
txn_cust_005_0047,cust_005,2025-11-04,3827.02,debit,Landlord Transfer,Rent,Debit Card,True,Rent payment - Landlord Transfer
txn_cust_005_0048,cust_005,2025-11-07,3672.61,debit,Local Market,Groceries,NEFT,True,Groceries payment - Local Market
txn_cust_005_0049,cust_005,2025-11-29,1458.98,debit,BSNL,Utilities,UPI,True,Utilities payment - BSNL
txn_cust_005_0050,cust_005,2025-11-13,1275.1,debit,Bus,Transport,Cash,False,Transport payment - Bus
txn_cust_005_0051,cust_005,2025-11-03,637.29,debit,PHC,Healthcare,Cash,False,Healthcare payment - PHC
txn_cust_005_0052,cust_005,2025-11-26,705.06,debit,PHC,Healthcare,NEFT,False,Healthcare payment - PHC
txn_cust_005_0053,cust_005,2025-11-18,298.38,debit,District Hospital,Healthcare,Cash,False,Healthcare payment - District Hospital
txn_cust_005_0054,cust_005,2025-11-05,1436.37,debit,School Fee,Education,NEFT,True,Education payment - School Fee
txn_cust_005_0055,cust_005,2025-11-17,4500.74,debit,MFI EMI,EMI,UPI,True,EMI payment - MFI EMI
txn_cust_005_0056,cust_005,2025-11-08,573.13,debit,PhonePe,UPI Transfer,Cash,False,UPI Transfer payment - PhonePe
txn_cust_005_0057,cust_005,2025-11-08,100.0,debit,PhonePe,UPI Transfer,NEFT,False,UPI Transfer payment - PhonePe
txn_cust_005_0058,cust_005,2025-12-04,20010.52,credit,Street Vendor Salary,Salary,NEFT,True,Salary credit Dec 2025
txn_cust_005_0059,cust_005,2025-12-04,4147.67,debit,Landlord Transfer,Rent,Debit Card,True,Rent payment - Landlord Transfer
txn_cust_005_0060,cust_005,2025-12-24,6118.27,debit,Local Market,Groceries,Debit Card,True,Groceries payment - Local Market
txn_cust_005_0061,cust_005,2025-12-24,1954.45,debit,APEPDCL,Utilities,Debit Card,True,Utilities payment - APEPDCL
txn_cust_005_0062,cust_005,2025-12-09,143.47,debit,Auto,Transport,NEFT,False,Transport payment - Auto
txn_cust_005_0063,cust_005,2025-12-17,285.87,debit,Auto,Transport,Debit Card,False,Transport payment - Auto
txn_cust_005_0064,cust_005,2025-12-19,195.71,debit,Bus,Transport,Cash,False,Transport payment - Bus
txn_cust_005_0065,cust_005,2025-12-04,874.59,debit,District Hospital,Healthcare,Cash,False,Healthcare payment - District Hospital
txn_cust_005_0066,cust_005,2025-12-24,903.93,debit,District Hospital,Healthcare,Cash,False,Healthcare payment - District Hospital
txn_cust_005_0067,cust_005,2025-12-04,474.56,debit,PHC,Healthcare,Debit Card,False,Healthcare payment - PHC
txn_cust_005_0068,cust_005,2025-12-22,1130.3,debit,School Fee,Education,Cash,True,Education payment - School Fee
txn_cust_005_0069,cust_005,2025-12-06,4498.82,debit,MFI EMI,EMI,NEFT,True,EMI payment - MFI EMI
txn_cust_005_0070,cust_005,2025-12-18,577.14,debit,PhonePe,UPI Transfer,UPI,False,UPI Transfer payment - PhonePe
txn_cust_005_0071,cust_005,2025-12-07,246.18,debit,PhonePe,UPI Transfer,NEFT,False,UPI Transfer payment - PhonePe
txn_cust_006_0001,cust_006,2025-07-06,45000.0,credit,Nurse Salary,Salary,NEFT,True,Salary credit Jul 2025
txn_cust_006_0002,cust_006,2025-07-21,9999.9,debit,Landlord Transfer,Rent,UPI,True,Rent payment - Landlord Transfer
txn_cust_006_0003,cust_006,2025-07-22,4498.38,debit,Local Market,Groceries,NEFT,True,Groceries payment - Local Market
txn_cust_006_0004,cust_006,2025-07-25,2083.97,debit,Airtel,Utilities,UPI,True,Utilities payment - Airtel
txn_cust_006_0005,cust_006,2025-07-23,315.31,debit,Ola,Transport,NEFT,False,Transport payment - Ola
txn_cust_006_0006,cust_006,2025-07-26,296.33,debit,Bus,Transport,UPI,False,Transport payment - Bus
txn_cust_006_0007,cust_006,2025-07-06,410.92,debit,Bus,Transport,NEFT,False,Transport payment - Bus
txn_cust_006_0008,cust_006,2025-07-18,171.52,debit,Apollo Pharmacy,Healthcare,Cash,False,Healthcare payment - Apollo Pharmacy
txn_cust_006_0009,cust_006,2025-07-25,328.36,debit,Apollo Pharmacy,Healthcare,Cash,False,Healthcare payment - Apollo Pharmacy
txn_cust_006_0010,cust_006,2025-07-12,100.0,debit,Apollo Pharmacy,Healthcare,Debit Card,False,Healthcare payment - Apollo Pharmacy
txn_cust_006_0011,cust_006,2025-07-19,1126.09,debit,Amazon,Shopping,Cash,False,Shopping payment - Amazon
txn_cust_006_0012,cust_006,2025-07-19,1062.23,debit,Myntra,Shopping,Debit Card,False,Shopping payment - Myntra
txn_cust_006_0013,cust_006,2025-07-15,389.84,debit,PVR,Entertainment,Cash,False,Entertainment payment - PVR
txn_cust_006_0014,cust_006,2025-07-09,422.75,debit,PVR,Entertainment,UPI,False,Entertainment payment - PVR
txn_cust_006_0015,cust_006,2025-07-13,219.5,debit,PVR,Entertainment,NEFT,False,Entertainment payment - PVR
txn_cust_006_0016,cust_006,2025-07-09,8508.44,debit,HDFC RD,Savings,UPI,True,Savings payment - HDFC RD
txn_cust_006_0017,cust_006,2025-07-18,1220.41,debit,PhonePe,UPI Transfer,NEFT,False,UPI Transfer payment - PhonePe
txn_cust_006_0018,cust_006,2025-07-31,581.92,debit,PhonePe,UPI Transfer,Debit Card,False,UPI Transfer payment - PhonePe
txn_cust_006_0019,cust_006,2025-08-04,45000.0,credit,Nurse Salary,Salary,NEFT,True,Salary credit Aug 2025
txn_cust_006_0020,cust_006,2025-08-20,10000.1,debit,Landlord Transfer,Rent,Cash,True,Rent payment - Landlord Transfer
txn_cust_006_0021,cust_006,2025-08-13,4148.86,debit,Local Market,Groceries,UPI,True,Groceries payment - Local Market
txn_cust_006_0022,cust_006,2025-08-18,1968.77,debit,JVVNL,Utilities,NEFT,True,Utilities payment - JVVNL
txn_cust_006_0023,cust_006,2025-08-15,453.59,debit,Ola,Transport,UPI,False,Transport payment - Ola
txn_cust_006_0024,cust_006,2025-08-30,373.59,debit,Bus,Transport,Debit Card,False,Transport payment - Bus
txn_cust_006_0025,cust_006,2025-08-21,532.31,debit,Ola,Transport,UPI,False,Transport payment - Ola
txn_cust_006_0026,cust_006,2025-08-15,404.45,debit,Apollo Pharmacy,Healthcare,Debit Card,False,Healthcare payment - Apollo Pharmacy
txn_cust_006_0027,cust_006,2025-08-05,416.89,debit,Apollo Pharmacy,Healthcare,UPI,False,Healthcare payment - Apollo Pharmacy
txn_cust_006_0028,cust_006,2025-08-13,432.47,debit,Myntra,Shopping,Cash,False,Shopping payment - Myntra
txn_cust_006_0029,cust_006,2025-08-20,570.83,debit,Amazon,Shopping,Debit Card,False,Shopping payment - Amazon
txn_cust_006_0030,cust_006,2025-08-23,836.47,debit,Myntra,Shopping,NEFT,False,Shopping payment - Myntra
txn_cust_006_0031,cust_006,2025-08-16,426.89,debit,PVR,Entertainment,Debit Card,False,Entertainment payment - PVR
txn_cust_006_0032,cust_006,2025-08-08,7554.13,debit,HDFC RD,Savings,Cash,True,Savings payment - HDFC RD
txn_cust_006_0033,cust_006,2025-08-05,443.49,debit,PhonePe,UPI Transfer,UPI,False,UPI Transfer payment - PhonePe
txn_cust_006_0034,cust_006,2025-08-19,597.75,debit,PhonePe,UPI Transfer,NEFT,False,UPI Transfer payment - PhonePe
txn_cust_006_0035,cust_006,2025-08-23,613.78,debit,PhonePe,UPI Transfer,Debit Card,False,UPI Transfer payment - PhonePe
txn_cust_006_0036,cust_006,2025-09-06,45000.0,credit,Nurse Salary,Salary,NEFT,True,Salary credit Sep 2025
txn_cust_006_0037,cust_006,2025-09-22,9999.58,debit,Landlord Transfer,Rent,Debit Card,True,Rent payment - Landlord Transfer
txn_cust_006_0038,cust_006,2025-09-19,4772.38,debit,Local Market,Groceries,Debit Card,True,Groceries payment - Local Market
txn_cust_006_0039,cust_006,2025-09-13,1763.82,debit,JVVNL,Utilities,Cash,True,Utilities payment - JVVNL
txn_cust_006_0040,cust_006,2025-09-12,402.88,debit,Ola,Transport,Cash,False,Transport payment - Ola
txn_cust_006_0041,cust_006,2025-09-27,385.77,debit,Ola,Transport,UPI,False,Transport payment - Ola
txn_cust_006_0042,cust_006,2025-09-21,545.31,debit,Bus,Transport,NEFT,False,Transport payment - Bus
txn_cust_006_0043,cust_006,2025-09-29,100.0,debit,Apollo Pharmacy,Healthcare,NEFT,False,Healthcare payment - Apollo Pharmacy
txn_cust_006_0044,cust_006,2025-09-29,100.0,debit,Apollo Pharmacy,Healthcare,UPI,False,Healthcare payment - Apollo Pharmacy
txn_cust_006_0045,cust_006,2025-09-09,100.0,debit,Apollo Pharmacy,Healthcare,Cash,False,Healthcare payment - Apollo Pharmacy
txn_cust_006_0046,cust_006,2025-09-16,726.49,debit,Myntra,Shopping,Cash,False,Shopping payment - Myntra
txn_cust_006_0047,cust_006,2025-09-27,849.85,debit,Amazon,Shopping,UPI,False,Shopping payment - Amazon
txn_cust_006_0048,cust_006,2025-09-07,170.98,debit,Netflix,Entertainment,Debit Card,False,Entertainment payment - Netflix
txn_cust_006_0049,cust_006,2025-09-15,380.75,debit,PVR,Entertainment,NEFT,False,Entertainment payment - PVR
txn_cust_006_0050,cust_006,2025-09-17,265.32,debit,PVR,Entertainment,Debit Card,False,Entertainment payment - PVR
txn_cust_006_0051,cust_006,2025-09-24,7548.38,debit,PPF,Savings,Cash,True,Savings payment - PPF
txn_cust_006_0052,cust_006,2025-09-10,601.55,debit,PhonePe,UPI Transfer,Debit Card,False,UPI Transfer payment - PhonePe
txn_cust_006_0053,cust_006,2025-10-03,45000.0,credit,Nurse Salary,Salary,NEFT,True,Salary credit Oct 2025
txn_cust_006_0054,cust_006,2025-10-27,10002.65,debit,Landlord Transfer,Rent,NEFT,True,Rent payment - Landlord Transfer
txn_cust_006_0055,cust_006,2025-10-25,4193.8,debit,Local Market,Groceries,Debit Card,True,Groceries payment - Local Market
txn_cust_006_0056,cust_006,2025-10-28,1545.61,debit,Airtel,Utilities,Debit Card,True,Utilities payment - Airtel
txn_cust_006_0057,cust_006,2025-10-21,1248.68,debit,Bus,Transport,Cash,False,Transport payment - Bus
txn_cust_006_0058,cust_006,2025-10-12,646.82,debit,Apollo Pharmacy,Healthcare,Debit Card,False,Healthcare payment - Apollo Pharmacy
txn_cust_006_0059,cust_006,2025-10-25,198.31,debit,Apollo Pharmacy,Healthcare,Debit Card,False,Healthcare payment - Apollo Pharmacy
txn_cust_006_0060,cust_006,2025-10-09,630.42,debit,Myntra,Shopping,Debit Card,False,Shopping payment - Myntra
txn_cust_006_0061,cust_006,2025-10-20,448.97,debit,Amazon,Shopping,NEFT,False,Shopping payment - Amazon
txn_cust_006_0062,cust_006,2025-10-10,501.92,debit,Netflix,Entertainment,NEFT,False,Entertainment payment - Netflix
txn_cust_006_0063,cust_006,2025-10-23,7558.25,debit,HDFC RD,Savings,UPI,True,Savings payment - HDFC RD
txn_cust_006_0064,cust_006,2025-10-06,820.2,debit,PhonePe,UPI Transfer,UPI,False,UPI Transfer payment - PhonePe
txn_cust_006_0065,cust_006,2025-11-05,45000.0,credit,Nurse Salary,Salary,NEFT,True,Salary credit Nov 2025
txn_cust_006_0066,cust_006,2025-11-07,10000.82,debit,Landlord Transfer,Rent,Cash,True,Rent payment - Landlord Transfer
txn_cust_006_0067,cust_006,2025-11-11,4301.9,debit,Local Market,Groceries,Debit Card,True,Groceries payment - Local Market
txn_cust_006_0068,cust_006,2025-11-22,1818.84,debit,JVVNL,Utilities,UPI,True,Utilities payment - JVVNL
txn_cust_006_0069,cust_006,2025-11-25,289.41,debit,Ola,Transport,NEFT,False,Transport payment - Ola
txn_cust_006_0070,cust_006,2025-11-15,344.41,debit,Ola,Transport,UPI,False,Transport payment - Ola
txn_cust_006_0071,cust_006,2025-11-17,500.57,debit,Ola,Transport,Debit Card,False,Transport payment - Ola
txn_cust_006_0072,cust_006,2025-11-02,592.85,debit,Apollo Pharmacy,Healthcare,UPI,False,Healthcare payment - Apollo Pharmacy
txn_cust_006_0073,cust_006,2025-11-19,740.91,debit,Amazon,Shopping,NEFT,False,Shopping payment - Amazon
txn_cust_006_0074,cust_006,2025-11-29,2174.28,debit,Amazon,Shopping,Debit Card,False,Shopping payment - Amazon
txn_cust_006_0075,cust_006,2025-11-25,897.1,debit,PVR,Entertainment,Debit Card,False,Entertainment payment - PVR
txn_cust_006_0076,cust_006,2025-11-24,7582.2,debit,HDFC RD,Savings,UPI,True,Savings payment - HDFC RD
txn_cust_006_0077,cust_006,2025-11-23,427.47,debit,PhonePe,UPI Transfer,NEFT,False,UPI Transfer payment - PhonePe
txn_cust_006_0078,cust_006,2025-11-21,619.0,debit,PhonePe,UPI Transfer,Cash,False,UPI Transfer payment - PhonePe
txn_cust_006_0079,cust_006,2025-11-23,429.33,debit,PhonePe,UPI Transfer,NEFT,False,UPI Transfer payment - PhonePe
txn_cust_006_0080,cust_006,2025-12-02,45000.0,credit,Nurse Salary,Salary,NEFT,True,Salary credit Dec 2025
txn_cust_006_0081,cust_006,2025-12-17,9999.96,debit,Landlord Transfer,Rent,NEFT,True,Rent payment - Landlord Transfer
txn_cust_006_0082,cust_006,2025-12-16,4794.83,debit,Local Market,Groceries,Debit Card,True,Groceries payment - Local Market
txn_cust_006_0083,cust_006,2025-12-11,1808.44,debit,JVVNL,Utilities,Debit Card,True,Utilities payment - JVVNL
txn_cust_006_0084,cust_006,2025-12-23,353.35,debit,Ola,Transport,Cash,False,Transport payment - Ola
txn_cust_006_0085,cust_006,2025-12-11,456.71,debit,Ola,Transport,Cash,False,Transport payment - Ola
txn_cust_006_0086,cust_006,2025-12-24,311.45,debit,Bus,Transport,UPI,False,Transport payment - Bus
txn_cust_006_0087,cust_006,2025-12-11,100.0,debit,Apollo Pharmacy,Healthcare,NEFT,False,Healthcare payment - Apollo Pharmacy
txn_cust_006_0088,cust_006,2025-12-06,213.76,debit,Apollo Pharmacy,Healthcare,Debit Card,False,Healthcare payment - Apollo Pharmacy
txn_cust_006_0089,cust_006,2025-12-15,270.06,debit,Apollo Pharmacy,Healthcare,NEFT,False,Healthcare payment - Apollo Pharmacy
txn_cust_006_0090,cust_006,2025-12-27,1543.61,debit,Myntra,Shopping,Cash,False,Shopping payment - Myntra
txn_cust_006_0091,cust_006,2025-12-24,144.75,debit,PVR,Entertainment,UPI,False,Entertainment payment - PVR
txn_cust_006_0092,cust_006,2025-12-28,309.01,debit,Netflix,Entertainment,NEFT,False,Entertainment payment - Netflix
txn_cust_006_0093,cust_006,2025-12-07,242.43,debit,PVR,Entertainment,Cash,False,Entertainment payment - PVR
txn_cust_006_0094,cust_006,2025-12-20,8252.58,debit,PPF,Savings,UPI,True,Savings payment - PPF
txn_cust_006_0095,cust_006,2025-12-16,575.4,debit,PhonePe,UPI Transfer,Cash,False,UPI Transfer payment - PhonePe
txn_cust_006_0096,cust_006,2025-12-20,616.68,debit,PhonePe,UPI Transfer,Cash,False,UPI Transfer payment - PhonePe
txn_cust_006_0097,cust_006,2025-12-23,627.33,debit,PhonePe,UPI Transfer,UPI,False,UPI Transfer payment - PhonePe
txn_cust_007_0001,cust_007,2025-07-04,11725.97,credit,Farmer Salary,Salary,NEFT,True,Salary credit Jul 2025
txn_cust_007_0002,cust_007,2025-07-06,3948.04,debit,Kirana,Groceries,Debit Card,True,Groceries payment - Kirana
txn_cust_007_0003,cust_007,2025-07-27,405.89,debit,TANGEDCO,Utilities,UPI,True,Utilities payment - TANGEDCO
txn_cust_007_0004,cust_007,2025-07-14,937.81,debit,Bus,Transport,NEFT,False,Transport payment - Bus
txn_cust_007_0005,cust_007,2025-07-29,852.51,debit,Vaidya,Healthcare,Debit Card,False,Healthcare payment - Vaidya
txn_cust_007_0006,cust_007,2025-08-01,1396.18,debit,School Fee,Education,Cash,True,Education payment - School Fee
txn_cust_007_0007,cust_007,2025-07-07,3499.96,debit,Kisan Credit Card,EMI,Debit Card,True,EMI payment - Kisan Credit Card
txn_cust_007_0008,cust_007,2025-07-21,715.73,debit,PhonePe,UPI Transfer,NEFT,False,UPI Transfer payment - PhonePe
txn_cust_007_0009,cust_007,2025-08-03,15412.5,credit,Farmer Salary,Salary,NEFT,True,Salary credit Aug 2025
txn_cust_007_0010,cust_007,2025-08-13,5677.25,debit,Kirana,Groceries,Cash,True,Groceries payment - Kirana
txn_cust_007_0011,cust_007,2025-08-11,252.59,debit,BSNL,Utilities,Debit Card,True,Utilities payment - BSNL
txn_cust_007_0012,cust_007,2025-08-12,488.67,debit,Auto,Transport,UPI,False,Transport payment - Auto
txn_cust_007_0013,cust_007,2025-08-28,1570.89,debit,PHC,Healthcare,NEFT,False,Healthcare payment - PHC
txn_cust_007_0014,cust_007,2025-08-10,1005.89,debit,School Fee,Education,UPI,True,Education payment - School Fee
txn_cust_007_0015,cust_007,2025-08-25,3499.1,debit,Kisan Credit Card,EMI,NEFT,True,EMI payment - Kisan Credit Card
txn_cust_007_0016,cust_007,2025-08-05,100.0,debit,PhonePe,UPI Transfer,Cash,False,UPI Transfer payment - PhonePe
txn_cust_007_0017,cust_007,2025-08-31,175.84,debit,PhonePe,UPI Transfer,NEFT,False,UPI Transfer payment - PhonePe
txn_cust_007_0018,cust_007,2025-08-20,259.54,debit,PhonePe,UPI Transfer,NEFT,False,UPI Transfer payment - PhonePe
txn_cust_007_0019,cust_007,2025-09-06,15252.6,credit,Farmer Salary,Salary,NEFT,True,Salary credit Sep 2025
txn_cust_007_0020,cust_007,2025-09-24,3150.51,debit,Kirana,Groceries,NEFT,True,Groceries payment - Kirana
txn_cust_007_0021,cust_007,2025-09-12,1167.6,debit,TANGEDCO,Utilities,NEFT,True,Utilities payment - TANGEDCO
txn_cust_007_0022,cust_007,2025-09-21,283.4,debit,Auto,Transport,Cash,False,Transport payment - Auto
txn_cust_007_0023,cust_007,2025-09-20,350.54,debit,Bus,Transport,UPI,False,Transport payment - Bus
txn_cust_007_0024,cust_007,2025-09-28,1544.34,debit,Vaidya,Healthcare,Cash,False,Healthcare payment - Vaidya
txn_cust_007_0025,cust_007,2025-09-16,100.0,debit,PHC,Healthcare,Debit Card,False,Healthcare payment - PHC
txn_cust_007_0026,cust_007,2025-09-18,960.84,debit,School Fee,Education,NEFT,True,Education payment - School Fee
txn_cust_007_0027,cust_007,2025-09-12,3501.17,debit,Kisan Credit Card,EMI,Cash,True,EMI payment - Kisan Credit Card
txn_cust_007_0028,cust_007,2025-09-20,100.0,debit,PhonePe,UPI Transfer,Cash,False,UPI Transfer payment - PhonePe
txn_cust_007_0029,cust_007,2025-10-03,10440.01,credit,Farmer Salary,Salary,NEFT,True,Salary credit Oct 2025
txn_cust_007_0030,cust_007,2025-10-13,2497.97,debit,Local Market,Groceries,Cash,True,Groceries payment - Local Market
txn_cust_007_0031,cust_007,2025-10-26,875.74,debit,TANGEDCO,Utilities,UPI,True,Utilities payment - TANGEDCO
txn_cust_007_0032,cust_007,2025-10-15,245.85,debit,Auto,Transport,UPI,False,Transport payment - Auto
txn_cust_007_0033,cust_007,2025-10-26,396.24,debit,Auto,Transport,Cash,False,Transport payment - Auto
txn_cust_007_0034,cust_007,2025-10-30,3351.11,debit,Vaidya,Healthcare,Debit Card,False,Healthcare payment - Vaidya
txn_cust_007_0035,cust_007,2025-10-09,1233.89,debit,School Fee,Education,Cash,True,Education payment - School Fee
txn_cust_007_0036,cust_007,2025-10-10,3499.95,debit,Kisan Credit Card,EMI,Cash,True,EMI payment - Kisan Credit Card
txn_cust_007_0037,cust_007,2025-10-15,100.0,debit,PhonePe,UPI Transfer,Debit Card,False,UPI Transfer payment - PhonePe
txn_cust_007_0038,cust_007,2025-11-03,10990.75,credit,Farmer Salary,Salary,NEFT,True,Salary credit Nov 2025
txn_cust_007_0039,cust_007,2025-11-18,3166.63,debit,Kirana,Groceries,Cash,True,Groceries payment - Kirana
txn_cust_007_0040,cust_007,2025-11-17,1489.1,debit,BSNL,Utilities,NEFT,True,Utilities payment - BSNL
txn_cust_007_0041,cust_007,2025-11-12,545.76,debit,Bus,Transport,UPI,False,Transport payment - Bus
txn_cust_007_0042,cust_007,2025-11-06,202.0,debit,Auto,Transport,Debit Card,False,Transport payment - Auto
txn_cust_007_0043,cust_007,2025-11-20,197.96,debit,Vaidya,Healthcare,Debit Card,False,Healthcare payment - Vaidya
txn_cust_007_0044,cust_007,2025-11-14,590.78,debit,PHC,Healthcare,Cash,False,Healthcare payment - PHC
txn_cust_007_0045,cust_007,2025-11-19,699.2,debit,Vaidya,Healthcare,Debit Card,False,Healthcare payment - Vaidya
txn_cust_007_0046,cust_007,2025-11-25,1219.42,debit,School Fee,Education,Cash,True,Education payment - School Fee
txn_cust_007_0047,cust_007,2025-11-07,3498.85,debit,Kisan Credit Card,EMI,NEFT,True,EMI payment - Kisan Credit Card
txn_cust_007_0048,cust_007,2025-11-19,414.13,debit,PhonePe,UPI Transfer,UPI,False,UPI Transfer payment - PhonePe
txn_cust_007_0049,cust_007,2025-12-01,15448.18,credit,Farmer Salary,Salary,NEFT,True,Salary credit Dec 2025
txn_cust_007_0050,cust_007,2025-12-28,2293.68,debit,Local Market,Groceries,UPI,True,Groceries payment - Local Market
txn_cust_007_0051,cust_007,2025-12-09,308.36,debit,TANGEDCO,Utilities,NEFT,True,Utilities payment - TANGEDCO
txn_cust_007_0052,cust_007,2025-12-08,901.73,debit,Bus,Transport,Debit Card,False,Transport payment - Bus
txn_cust_007_0053,cust_007,2025-12-21,100.0,debit,Vaidya,Healthcare,Cash,False,Healthcare payment - Vaidya
txn_cust_007_0054,cust_007,2025-12-02,999.99,debit,School Fee,Education,Cash,True,Education payment - School Fee
txn_cust_007_0055,cust_007,2025-12-10,3501.22,debit,Kisan Credit Card,EMI,UPI,True,EMI payment - Kisan Credit Card
txn_cust_007_0056,cust_007,2025-12-28,178.85,debit,PhonePe,UPI Transfer,NEFT,False,UPI Transfer payment - PhonePe
txn_cust_007_0057,cust_007,2025-12-06,213.61,debit,PhonePe,UPI Transfer,NEFT,False,UPI Transfer payment - PhonePe
txn_cust_007_0058,cust_007,2025-12-21,204.04,debit,PhonePe,UPI Transfer,Debit Card,False,UPI Transfer payment - PhonePe
txn_cust_008_0001,cust_008,2025-07-06,36000.0,credit,Beautician Salary,Salary,NEFT,True,Salary credit Jul 2025
txn_cust_008_0002,cust_008,2025-07-17,8000.11,debit,Landlord Transfer,Rent,NEFT,True,Rent payment - Landlord Transfer
txn_cust_008_0003,cust_008,2025-07-27,3844.13,debit,Reliance Fresh,Groceries,Debit Card,True,Groceries payment - Reliance Fresh
txn_cust_008_0004,cust_008,2025-07-25,1443.72,debit,KSEB,Utilities,UPI,True,Utilities payment - KSEB
txn_cust_008_0005,cust_008,2025-07-17,322.37,debit,Auto,Transport,Cash,False,Transport payment - Auto
txn_cust_008_0006,cust_008,2025-07-10,512.93,debit,Bus,Transport,Cash,False,Transport payment - Bus
txn_cust_008_0007,cust_008,2025-07-25,257.14,debit,Apollo Pharmacy,Healthcare,UPI,False,Healthcare payment - Apollo Pharmacy
txn_cust_008_0008,cust_008,2025-07-12,515.56,debit,Apollo Pharmacy,Healthcare,Cash,False,Healthcare payment - Apollo Pharmacy
txn_cust_008_0009,cust_008,2025-07-06,586.91,debit,Amazon,Shopping,Debit Card,False,Shopping payment - Amazon
txn_cust_008_0010,cust_008,2025-07-06,1311.53,debit,Amazon,Shopping,Debit Card,False,Shopping payment - Amazon
txn_cust_008_0011,cust_008,2025-07-11,447.73,debit,Hotstar,Entertainment,Cash,False,Entertainment payment - Hotstar
txn_cust_008_0012,cust_008,2025-07-23,7000.76,debit,SBI Education Loan EMI,EMI,Cash,True,EMI payment - SBI Education Loan EMI
txn_cust_008_0013,cust_008,2025-07-26,2890.66,debit,Kerala Post RD,Savings,Cash,True,Savings payment - Kerala Post RD
txn_cust_008_0014,cust_008,2025-07-28,654.03,debit,PhonePe,UPI Transfer,Debit Card,False,UPI Transfer payment - PhonePe
txn_cust_008_0015,cust_008,2025-07-06,706.87,debit,PhonePe,UPI Transfer,Cash,False,UPI Transfer payment - PhonePe
txn_cust_008_0016,cust_008,2025-07-24,405.94,debit,PhonePe,UPI Transfer,Debit Card,False,UPI Transfer payment - PhonePe
txn_cust_008_0017,cust_008,2025-08-03,36000.0,credit,Beautician Salary,Salary,NEFT,True,Salary credit Aug 2025
txn_cust_008_0018,cust_008,2025-08-24,8000.4,debit,Landlord Transfer,Rent,Cash,True,Rent payment - Landlord Transfer
txn_cust_008_0019,cust_008,2025-08-16,3625.52,debit,Local Market,Groceries,NEFT,True,Groceries payment - Local Market
txn_cust_008_0020,cust_008,2025-08-25,1611.07,debit,Airtel,Utilities,UPI,True,Utilities payment - Airtel
txn_cust_008_0021,cust_008,2025-08-06,319.23,debit,Bus,Transport,Debit Card,False,Transport payment - Bus
txn_cust_008_0022,cust_008,2025-08-08,381.46,debit,Auto,Transport,NEFT,False,Transport payment - Auto
txn_cust_008_0023,cust_008,2025-08-07,329.55,debit,Bus,Transport,UPI,False,Transport payment - Bus
txn_cust_008_0024,cust_008,2025-08-18,119.37,debit,Apollo Pharmacy,Healthcare,Debit Card,False,Healthcare payment - Apollo Pharmacy
txn_cust_008_0025,cust_008,2025-08-17,301.34,debit,Apollo Pharmacy,Healthcare,Cash,False,Healthcare payment - Apollo Pharmacy
txn_cust_008_0026,cust_008,2025-08-04,2153.63,debit,Amazon,Shopping,Debit Card,False,Shopping payment - Amazon
txn_cust_008_0027,cust_008,2025-08-14,275.05,debit,Spotify,Entertainment,UPI,False,Entertainment payment - Spotify
txn_cust_008_0028,cust_008,2025-08-13,249.68,debit,Spotify,Entertainment,Cash,False,Entertainment payment - Spotify
txn_cust_008_0029,cust_008,2025-08-21,219.52,debit,Hotstar,Entertainment,NEFT,False,Entertainment payment - Hotstar
txn_cust_008_0030,cust_008,2025-08-25,6998.42,debit,SBI Education Loan EMI,EMI,NEFT,True,EMI payment - SBI Education Loan EMI
txn_cust_008_0031,cust_008,2025-08-19,3163.3,debit,Kerala Post RD,Savings,UPI,True,Savings payment - Kerala Post RD
txn_cust_008_0032,cust_008,2025-08-17,1459.32,debit,PhonePe,UPI Transfer,Cash,False,UPI Transfer payment - PhonePe
txn_cust_008_0033,cust_008,2025-09-04,36000.0,credit,Beautician Salary,Salary,NEFT,True,Salary credit Sep 2025
txn_cust_008_0034,cust_008,2025-09-11,7999.6,debit,Landlord Transfer,Rent,Cash,True,Rent payment - Landlord Transfer
txn_cust_008_0035,cust_008,2025-09-22,4015.83,debit,Reliance Fresh,Groceries,Cash,True,Groceries payment - Reliance Fresh
txn_cust_008_0036,cust_008,2025-09-15,1733.41,debit,Airtel,Utilities,Cash,True,Utilities payment - Airtel
txn_cust_008_0037,cust_008,2025-09-17,553.08,debit,Auto,Transport,Cash,False,Transport payment - Auto
txn_cust_008_0038,cust_008,2025-09-22,579.23,debit,Bus,Transport,Debit Card,False,Transport payment - Bus
txn_cust_008_0039,cust_008,2025-09-22,100.0,debit,Apollo Pharmacy,Healthcare,Cash,False,Healthcare payment - Apollo Pharmacy
txn_cust_008_0040,cust_008,2025-09-13,100.0,debit,Apollo Pharmacy,Healthcare,Cash,False,Healthcare payment - Apollo Pharmacy
txn_cust_008_0041,cust_008,2025-09-28,1142.14,debit,Amazon,Shopping,Debit Card,False,Shopping payment - Amazon
txn_cust_008_0042,cust_008,2025-09-15,404.52,debit,Meesho,Shopping,UPI,False,Shopping payment - Meesho
txn_cust_008_0043,cust_008,2025-09-21,925.36,debit,Amazon,Shopping,NEFT,False,Shopping payment - Amazon
txn_cust_008_0044,cust_008,2025-09-26,201.72,debit,Spotify,Entertainment,NEFT,False,Entertainment payment - Spotify
txn_cust_008_0045,cust_008,2025-09-17,184.52,debit,Spotify,Entertainment,UPI,False,Entertainment payment - Spotify
txn_cust_008_0046,cust_008,2025-09-16,249.89,debit,Spotify,Entertainment,NEFT,False,Entertainment payment - Spotify
txn_cust_008_0047,cust_008,2025-09-23,6998.38,debit,SBI Education Loan EMI,EMI,NEFT,True,EMI payment - SBI Education Loan EMI
txn_cust_008_0048,cust_008,2025-09-16,2997.08,debit,Kerala Post RD,Savings,UPI,True,Savings payment - Kerala Post RD
txn_cust_008_0049,cust_008,2025-09-22,715.71,debit,PhonePe,UPI Transfer,Cash,False,UPI Transfer payment - PhonePe
txn_cust_008_0050,cust_008,2025-09-30,157.06,debit,PhonePe,UPI Transfer,UPI,False,UPI Transfer payment - PhonePe
txn_cust_008_0051,cust_008,2025-10-04,36000.0,credit,Beautician Salary,Salary,NEFT,True,Salary credit Oct 2025
txn_cust_008_0052,cust_008,2025-10-25,7999.51,debit,Landlord Transfer,Rent,UPI,True,Rent payment - Landlord Transfer
txn_cust_008_0053,cust_008,2025-10-14,4069.58,debit,Reliance Fresh,Groceries,UPI,True,Groceries payment - Reliance Fresh
txn_cust_008_0054,cust_008,2025-10-21,1309.26,debit,Airtel,Utilities,Debit Card,True,Utilities payment - Airtel
txn_cust_008_0055,cust_008,2025-10-10,535.84,debit,Bus,Transport,Cash,False,Transport payment - Bus
txn_cust_008_0056,cust_008,2025-10-14,528.14,debit,Auto,Transport,Cash,False,Transport payment - Auto
txn_cust_008_0057,cust_008,2025-10-14,100.0,debit,Apollo Pharmacy,Healthcare,Cash,False,Healthcare payment - Apollo Pharmacy
txn_cust_008_0058,cust_008,2025-10-06,104.42,debit,Apollo Pharmacy,Healthcare,Cash,False,Healthcare payment - Apollo Pharmacy
txn_cust_008_0059,cust_008,2025-10-29,203.87,debit,Apollo Pharmacy,Healthcare,Debit Card,False,Healthcare payment - Apollo Pharmacy
txn_cust_008_0060,cust_008,2025-10-13,939.15,debit,Meesho,Shopping,NEFT,False,Shopping payment - Meesho
txn_cust_008_0061,cust_008,2025-10-06,724.82,debit,Meesho,Shopping,Cash,False,Shopping payment - Meesho
txn_cust_008_0062,cust_008,2025-10-05,287.76,debit,Spotify,Entertainment,UPI,False,Entertainment payment - Spotify
txn_cust_008_0063,cust_008,2025-10-30,318.26,debit,Spotify,Entertainment,UPI,False,Entertainment payment - Spotify
txn_cust_008_0064,cust_008,2025-10-24,6999.54,debit,SBI Education Loan EMI,EMI,NEFT,True,EMI payment - SBI Education Loan EMI
txn_cust_008_0065,cust_008,2025-10-13,2621.79,debit,Kerala Post RD,Savings,Cash,True,Savings payment - Kerala Post RD
txn_cust_008_0066,cust_008,2025-10-28,1149.15,debit,PhonePe,UPI Transfer,NEFT,False,UPI Transfer payment - PhonePe
txn_cust_008_0067,cust_008,2025-11-02,36000.0,credit,Beautician Salary,Salary,NEFT,True,Salary credit Nov 2025
txn_cust_008_0068,cust_008,2025-11-02,7999.32,debit,Landlord Transfer,Rent,Cash,True,Rent payment - Landlord Transfer
txn_cust_008_0069,cust_008,2025-11-20,3671.31,debit,Local Market,Groceries,Cash,True,Groceries payment - Local Market
txn_cust_008_0070,cust_008,2025-11-10,1739.03,debit,KSEB,Utilities,UPI,True,Utilities payment - KSEB
txn_cust_008_0071,cust_008,2025-11-07,334.63,debit,Auto,Transport,Debit Card,False,Transport payment - Auto
txn_cust_008_0072,cust_008,2025-11-23,344.04,debit,Auto,Transport,Debit Card,False,Transport payment - Auto
txn_cust_008_0073,cust_008,2025-11-21,364.33,debit,Auto,Transport,Cash,False,Transport payment - Auto
txn_cust_008_0074,cust_008,2025-11-16,236.84,debit,Apollo Pharmacy,Healthcare,Debit Card,False,Healthcare payment - Apollo Pharmacy
txn_cust_008_0075,cust_008,2025-11-21,227.93,debit,Apollo Pharmacy,Healthcare,NEFT,False,Healthcare payment - Apollo Pharmacy
txn_cust_008_0076,cust_008,2025-11-05,138.12,debit,Apollo Pharmacy,Healthcare,Debit Card,False,Healthcare payment - Apollo Pharmacy
txn_cust_008_0077,cust_008,2025-11-06,802.85,debit,Meesho,Shopping,Cash,False,Shopping payment - Meesho
txn_cust_008_0078,cust_008,2025-11-15,451.66,debit,Amazon,Shopping,Cash,False,Shopping payment - Amazon
txn_cust_008_0079,cust_008,2025-11-22,517.71,debit,Amazon,Shopping,NEFT,False,Shopping payment - Amazon
txn_cust_008_0080,cust_008,2025-11-28,284.45,debit,Spotify,Entertainment,UPI,False,Entertainment payment - Spotify
txn_cust_008_0081,cust_008,2025-11-29,362.46,debit,Spotify,Entertainment,UPI,False,Entertainment payment - Spotify
txn_cust_008_0082,cust_008,2025-11-14,6999.34,debit,SBI Education Loan EMI,EMI,Cash,True,EMI payment - SBI Education Loan EMI
txn_cust_008_0083,cust_008,2025-11-23,3019.09,debit,Kerala Post RD,Savings,Cash,True,Savings payment - Kerala Post RD
txn_cust_008_0084,cust_008,2025-11-04,482.66,debit,PhonePe,UPI Transfer,NEFT,False,UPI Transfer payment - PhonePe
txn_cust_008_0085,cust_008,2025-11-11,269.55,debit,PhonePe,UPI Transfer,Debit Card,False,UPI Transfer payment - PhonePe
txn_cust_008_0086,cust_008,2025-11-26,417.32,debit,PhonePe,UPI Transfer,Cash,False,UPI Transfer payment - PhonePe
txn_cust_008_0087,cust_008,2025-12-05,36000.0,credit,Beautician Salary,Salary,NEFT,True,Salary credit Dec 2025
txn_cust_008_0088,cust_008,2025-12-18,8000.82,debit,Landlord Transfer,Rent,UPI,True,Rent payment - Landlord Transfer
txn_cust_008_0089,cust_008,2025-12-13,3943.84,debit,Reliance Fresh,Groceries,Cash,True,Groceries payment - Reliance Fresh
txn_cust_008_0090,cust_008,2025-12-19,1848.75,debit,KSEB,Utilities,Cash,True,Utilities payment - KSEB
txn_cust_008_0091,cust_008,2025-12-09,974.39,debit,Auto,Transport,UPI,False,Transport payment - Auto
txn_cust_008_0092,cust_008,2025-12-10,100.0,debit,Apollo Pharmacy,Healthcare,UPI,False,Healthcare payment - Apollo Pharmacy
txn_cust_008_0093,cust_008,2025-12-26,100.0,debit,Apollo Pharmacy,Healthcare,NEFT,False,Healthcare payment - Apollo Pharmacy
txn_cust_008_0094,cust_008,2025-12-20,905.48,debit,Meesho,Shopping,Cash,False,Shopping payment - Meesho
txn_cust_008_0095,cust_008,2025-12-08,721.83,debit,Amazon,Shopping,UPI,False,Shopping payment - Amazon
txn_cust_008_0096,cust_008,2025-12-20,761.28,debit,Meesho,Shopping,Debit Card,False,Shopping payment - Meesho
txn_cust_008_0097,cust_008,2025-12-24,142.78,debit,Spotify,Entertainment,Debit Card,False,Entertainment payment - Spotify
txn_cust_008_0098,cust_008,2025-12-20,185.78,debit,Spotify,Entertainment,UPI,False,Entertainment payment - Spotify
txn_cust_008_0099,cust_008,2025-12-15,273.11,debit,Hotstar,Entertainment,Debit Card,False,Entertainment payment - Hotstar
txn_cust_008_0100,cust_008,2025-12-29,7001.25,debit,SBI Education Loan EMI,EMI,NEFT,True,EMI payment - SBI Education Loan EMI
txn_cust_008_0101,cust_008,2025-12-28,3000.96,debit,Kerala Post RD,Savings,Cash,True,Savings payment - Kerala Post RD
txn_cust_008_0102,cust_008,2025-12-06,915.3,debit,PhonePe,UPI Transfer,Cash,False,UPI Transfer payment - PhonePe
txn_cust_008_0103,cust_008,2025-12-27,543.9,debit,PhonePe,UPI Transfer,Cash,False,UPI Transfer payment - PhonePe
txn_cust_009_0001,cust_009,2025-07-08,28000.0,credit,Shopkeeper Salary,Salary,NEFT,True,Salary credit Jul 2025
txn_cust_009_0002,cust_009,2025-07-28,5167.95,debit,Wholesale Market,Groceries,Debit Card,True,Groceries payment - Wholesale Market
txn_cust_009_0003,cust_009,2025-07-23,1066.82,debit,KESCO,Utilities,UPI,True,Utilities payment - KESCO
txn_cust_009_0004,cust_009,2025-07-19,365.83,debit,Bus,Transport,UPI,False,Transport payment - Bus
txn_cust_009_0005,cust_009,2025-07-18,361.84,debit,Auto,Transport,Cash,False,Transport payment - Auto
txn_cust_009_0006,cust_009,2025-07-13,236.75,debit,Bus,Transport,Debit Card,False,Transport payment - Bus
txn_cust_009_0007,cust_009,2025-08-01,173.54,debit,Govt Hospital,Healthcare,Debit Card,False,Healthcare payment - Govt Hospital
txn_cust_009_0008,cust_009,2025-07-26,261.26,debit,Govt Hospital,Healthcare,UPI,False,Healthcare payment - Govt Hospital
txn_cust_009_0009,cust_009,2025-07-05,564.69,debit,Amazon,Shopping,NEFT,False,Shopping payment - Amazon
txn_cust_009_0010,cust_009,2025-07-19,100.0,debit,YouTube,Entertainment,Cash,False,Entertainment payment - YouTube
txn_cust_009_0011,cust_009,2025-07-09,245.08,debit,YouTube,Entertainment,NEFT,False,Entertainment payment - YouTube
txn_cust_009_0012,cust_009,2025-07-07,2229.74,debit,Google Pay,UPI Transfer,Debit Card,False,UPI Transfer payment - Google Pay
txn_cust_009_0013,cust_009,2025-07-25,2142.08,debit,PhonePe,UPI Transfer,UPI,False,UPI Transfer payment - PhonePe
txn_cust_009_0014,cust_009,2025-07-17,2219.49,debit,Post Office RD,Savings,NEFT,True,Savings payment - Post Office RD
txn_cust_009_0015,cust_009,2025-08-06,28000.0,credit,Shopkeeper Salary,Salary,NEFT,True,Salary credit Aug 2025
txn_cust_009_0016,cust_009,2025-08-04,4476.34,debit,Local Supplier,Groceries,Cash,True,Groceries payment - Local Supplier
txn_cust_009_0017,cust_009,2025-08-06,1012.19,debit,KESCO,Utilities,NEFT,True,Utilities payment - KESCO
txn_cust_009_0018,cust_009,2025-08-26,327.52,debit,Bus,Transport,UPI,False,Transport payment - Bus
txn_cust_009_0019,cust_009,2025-08-31,320.97,debit,Bus,Transport,NEFT,False,Transport payment - Bus
txn_cust_009_0020,cust_009,2025-08-06,261.93,debit,Auto,Transport,UPI,False,Transport payment - Auto
txn_cust_009_0021,cust_009,2025-08-15,325.18,debit,Govt Hospital,Healthcare,NEFT,False,Healthcare payment - Govt Hospital
txn_cust_009_0022,cust_009,2025-08-31,100.0,debit,Govt Hospital,Healthcare,NEFT,False,Healthcare payment - Govt Hospital
txn_cust_009_0023,cust_009,2025-08-20,2361.88,debit,Amazon,Shopping,NEFT,False,Shopping payment - Amazon
txn_cust_009_0024,cust_009,2025-08-27,158.89,debit,YouTube,Entertainment,Cash,False,Entertainment payment - YouTube
txn_cust_009_0025,cust_009,2025-08-23,255.7,debit,YouTube,Entertainment,NEFT,False,Entertainment payment - YouTube
txn_cust_009_0026,cust_009,2025-08-07,3437.34,debit,Google Pay,UPI Transfer,Debit Card,False,UPI Transfer payment - Google Pay
txn_cust_009_0027,cust_009,2025-08-17,1900.32,debit,Post Office RD,Savings,NEFT,True,Savings payment - Post Office RD
txn_cust_009_0028,cust_009,2025-09-03,28000.0,credit,Shopkeeper Salary,Salary,NEFT,True,Salary credit Sep 2025
txn_cust_009_0029,cust_009,2025-09-20,4957.55,debit,Wholesale Market,Groceries,UPI,True,Groceries payment - Wholesale Market
txn_cust_009_0030,cust_009,2025-09-30,1524.06,debit,Jio,Utilities,NEFT,True,Utilities payment - Jio
txn_cust_009_0031,cust_009,2025-09-15,282.72,debit,Bus,Transport,UPI,False,Transport payment - Bus
txn_cust_009_0032,cust_009,2025-09-28,293.09,debit,Auto,Transport,Cash,False,Transport payment - Auto
txn_cust_009_0033,cust_009,2025-09-23,277.34,debit,Auto,Transport,UPI,False,Transport payment - Auto
txn_cust_009_0034,cust_009,2025-09-13,422.03,debit,Govt Hospital,Healthcare,Cash,False,Healthcare payment - Govt Hospital
txn_cust_009_0035,cust_009,2025-09-14,507.85,debit,Govt Hospital,Healthcare,Cash,False,Healthcare payment - Govt Hospital
txn_cust_009_0036,cust_009,2025-09-03,803.79,debit,Amazon,Shopping,UPI,False,Shopping payment - Amazon
txn_cust_009_0037,cust_009,2025-09-28,248.31,debit,YouTube,Entertainment,Debit Card,False,Entertainment payment - YouTube
txn_cust_009_0038,cust_009,2025-09-23,420.99,debit,YouTube,Entertainment,Cash,False,Entertainment payment - YouTube
txn_cust_009_0039,cust_009,2025-09-20,610.27,debit,PhonePe,UPI Transfer,Debit Card,False,UPI Transfer payment - PhonePe
txn_cust_009_0040,cust_009,2025-09-05,1274.72,debit,Google Pay,UPI Transfer,UPI,False,UPI Transfer payment - Google Pay
txn_cust_009_0041,cust_009,2025-09-28,775.89,debit,PhonePe,UPI Transfer,Debit Card,False,UPI Transfer payment - PhonePe
txn_cust_009_0042,cust_009,2025-09-15,1985.65,debit,Post Office RD,Savings,Debit Card,True,Savings payment - Post Office RD
txn_cust_009_0043,cust_009,2025-10-05,28000.0,credit,Shopkeeper Salary,Salary,NEFT,True,Salary credit Oct 2025
txn_cust_009_0044,cust_009,2025-10-04,4854.12,debit,Local Supplier,Groceries,UPI,True,Groceries payment - Local Supplier
txn_cust_009_0045,cust_009,2025-10-16,823.83,debit,KESCO,Utilities,Cash,True,Utilities payment - KESCO
txn_cust_009_0046,cust_009,2025-10-26,266.65,debit,Auto,Transport,UPI,False,Transport payment - Auto
txn_cust_009_0047,cust_009,2025-10-03,278.99,debit,Auto,Transport,UPI,False,Transport payment - Auto
txn_cust_009_0048,cust_009,2025-10-19,460.78,debit,Bus,Transport,NEFT,False,Transport payment - Bus
txn_cust_009_0049,cust_009,2025-10-07,829.84,debit,Govt Hospital,Healthcare,UPI,False,Healthcare payment - Govt Hospital
txn_cust_009_0050,cust_009,2025-10-28,308.19,debit,Govt Hospital,Healthcare,Debit Card,False,Healthcare payment - Govt Hospital
txn_cust_009_0051,cust_009,2025-10-05,443.56,debit,Meesho,Shopping,UPI,False,Shopping payment - Meesho
txn_cust_009_0052,cust_009,2025-10-04,221.07,debit,Meesho,Shopping,NEFT,False,Shopping payment - Meesho
txn_cust_009_0053,cust_009,2025-10-14,506.75,debit,Amazon,Shopping,Debit Card,False,Shopping payment - Amazon
txn_cust_009_0054,cust_009,2025-10-06,635.8,debit,YouTube,Entertainment,UPI,False,Entertainment payment - YouTube
txn_cust_009_0055,cust_009,2025-10-30,2076.75,debit,PhonePe,UPI Transfer,NEFT,False,UPI Transfer payment - PhonePe
txn_cust_009_0056,cust_009,2025-10-07,2273.57,debit,Post Office RD,Savings,UPI,True,Savings payment - Post Office RD
txn_cust_009_0057,cust_009,2025-11-05,28000.0,credit,Shopkeeper Salary,Salary,NEFT,True,Salary credit Nov 2025
txn_cust_009_0058,cust_009,2025-11-27,5162.63,debit,Wholesale Market,Groceries,NEFT,True,Groceries payment - Wholesale Market
txn_cust_009_0059,cust_009,2025-11-25,1264.28,debit,Jio,Utilities,Debit Card,True,Utilities payment - Jio
txn_cust_009_0060,cust_009,2025-11-20,1280.13,debit,Bus,Transport,UPI,False,Transport payment - Bus
txn_cust_009_0061,cust_009,2025-11-09,174.6,debit,Govt Hospital,Healthcare,Cash,False,Healthcare payment - Govt Hospital
txn_cust_009_0062,cust_009,2025-11-04,151.41,debit,Govt Hospital,Healthcare,Debit Card,False,Healthcare payment - Govt Hospital
txn_cust_009_0063,cust_009,2025-11-04,221.18,debit,Govt Hospital,Healthcare,UPI,False,Healthcare payment - Govt Hospital
txn_cust_009_0064,cust_009,2025-11-08,451.37,debit,Meesho,Shopping,Debit Card,False,Shopping payment - Meesho
txn_cust_009_0065,cust_009,2025-11-13,732.92,debit,Meesho,Shopping,NEFT,False,Shopping payment - Meesho
txn_cust_009_0066,cust_009,2025-11-19,100.0,debit,YouTube,Entertainment,NEFT,False,Entertainment payment - YouTube
txn_cust_009_0067,cust_009,2025-11-09,201.77,debit,YouTube,Entertainment,UPI,False,Entertainment payment - YouTube
txn_cust_009_0068,cust_009,2025-11-12,136.08,debit,YouTube,Entertainment,Cash,False,Entertainment payment - YouTube
txn_cust_009_0069,cust_009,2025-11-18,977.72,debit,PhonePe,UPI Transfer,Cash,False,UPI Transfer payment - PhonePe
txn_cust_009_0070,cust_009,2025-11-17,845.42,debit,PhonePe,UPI Transfer,NEFT,False,UPI Transfer payment - PhonePe
txn_cust_009_0071,cust_009,2025-11-09,964.85,debit,Google Pay,UPI Transfer,Debit Card,False,UPI Transfer payment - Google Pay
txn_cust_009_0072,cust_009,2025-11-16,1871.26,debit,Post Office RD,Savings,UPI,True,Savings payment - Post Office RD
txn_cust_009_0073,cust_009,2025-12-05,28000.0,credit,Shopkeeper Salary,Salary,NEFT,True,Salary credit Dec 2025
txn_cust_009_0074,cust_009,2025-12-04,5742.52,debit,Local Supplier,Groceries,Cash,True,Groceries payment - Local Supplier
txn_cust_009_0075,cust_009,2025-12-23,1813.27,debit,KESCO,Utilities,NEFT,True,Utilities payment - KESCO
txn_cust_009_0076,cust_009,2025-12-27,491.0,debit,Bus,Transport,Debit Card,False,Transport payment - Bus
txn_cust_009_0077,cust_009,2025-12-12,630.17,debit,Bus,Transport,Debit Card,False,Transport payment - Bus
txn_cust_009_0078,cust_009,2025-12-26,900.17,debit,Govt Hospital,Healthcare,NEFT,False,Healthcare payment - Govt Hospital
txn_cust_009_0079,cust_009,2025-12-07,1713.09,debit,Meesho,Shopping,Cash,False,Shopping payment - Meesho
txn_cust_009_0080,cust_009,2025-12-26,100.0,debit,YouTube,Entertainment,Cash,False,Entertainment payment - YouTube
txn_cust_009_0081,cust_009,2025-12-11,268.67,debit,YouTube,Entertainment,Debit Card,False,Entertainment payment - YouTube
txn_cust_009_0082,cust_009,2025-12-11,4530.37,debit,PhonePe,UPI Transfer,NEFT,False,UPI Transfer payment - PhonePe
txn_cust_009_0083,cust_009,2025-12-28,2293.07,debit,Post Office RD,Savings,NEFT,True,Savings payment - Post Office RD
txn_cust_010_0001,cust_010,2025-07-04,62000.0,credit,Government Employee Salary,Salary,NEFT,True,Salary credit Jul 2025
txn_cust_010_0002,cust_010,2025-07-17,5745.94,debit,DMart,Groceries,Debit Card,True,Groceries payment - DMart
txn_cust_010_0003,cust_010,2025-07-13,1734.81,debit,TANGEDCO,Utilities,UPI,True,Utilities payment - TANGEDCO
txn_cust_010_0004,cust_010,2025-07-22,827.85,debit,Auto,Transport,UPI,False,Transport payment - Auto
txn_cust_010_0005,cust_010,2025-07-19,649.12,debit,Auto,Transport,NEFT,False,Transport payment - Auto
txn_cust_010_0006,cust_010,2025-07-12,3002.7,debit,Apollo Hospital,Healthcare,NEFT,False,Healthcare payment - Apollo Hospital
txn_cust_010_0007,cust_010,2025-07-31,2528.28,debit,School Fee,Education,Debit Card,True,Education payment - School Fee
txn_cust_010_0008,cust_010,2025-07-23,672.4,debit,Local Shop,Shopping,UPI,False,Shopping payment - Local Shop
txn_cust_010_0009,cust_010,2025-07-05,649.83,debit,Amazon,Shopping,NEFT,False,Shopping payment - Amazon
txn_cust_010_0010,cust_010,2025-07-09,1295.23,debit,Amazon,Shopping,Debit Card,False,Shopping payment - Amazon
txn_cust_010_0011,cust_010,2025-07-06,813.25,debit,PVR,Entertainment,UPI,False,Entertainment payment - PVR
txn_cust_010_0012,cust_010,2025-07-31,8000.64,debit,LIC Loan EMI,EMI,Cash,True,EMI payment - LIC Loan EMI
txn_cust_010_0013,cust_010,2025-07-05,12568.28,debit,PPF,Savings,Cash,True,Savings payment - PPF
txn_cust_010_0014,cust_010,2025-07-13,1335.84,debit,Google Pay,UPI Transfer,Cash,False,UPI Transfer payment - Google Pay
txn_cust_010_0015,cust_010,2025-08-04,62000.0,credit,Government Employee Salary,Salary,NEFT,True,Salary credit Aug 2025
txn_cust_010_0016,cust_010,2025-08-05,6694.45,debit,DMart,Groceries,Debit Card,True,Groceries payment - DMart
txn_cust_010_0017,cust_010,2025-08-19,1878.84,debit,TANGEDCO,Utilities,UPI,True,Utilities payment - TANGEDCO
txn_cust_010_0018,cust_010,2025-08-16,751.44,debit,Auto,Transport,Cash,False,Transport payment - Auto
txn_cust_010_0019,cust_010,2025-08-20,814.9,debit,Auto,Transport,UPI,False,Transport payment - Auto
txn_cust_010_0020,cust_010,2025-08-29,1539.78,debit,MedPlus,Healthcare,Cash,False,Healthcare payment - MedPlus
txn_cust_010_0021,cust_010,2025-08-22,307.3,debit,MedPlus,Healthcare,Cash,False,Healthcare payment - MedPlus
txn_cust_010_0022,cust_010,2025-08-12,2436.42,debit,School Fee,Education,UPI,True,Education payment - School Fee
txn_cust_010_0023,cust_010,2025-08-29,1400.06,debit,Local Shop,Shopping,UPI,False,Shopping payment - Local Shop
txn_cust_010_0024,cust_010,2025-08-29,1430.12,debit,Local Shop,Shopping,Debit Card,False,Shopping payment - Local Shop
txn_cust_010_0025,cust_010,2025-08-07,603.48,debit,Netflix,Entertainment,NEFT,False,Entertainment payment - Netflix
txn_cust_010_0026,cust_010,2025-08-12,332.66,debit,Netflix,Entertainment,NEFT,False,Entertainment payment - Netflix
txn_cust_010_0027,cust_010,2025-08-16,100.0,debit,PVR,Entertainment,NEFT,False,Entertainment payment - PVR
txn_cust_010_0028,cust_010,2025-08-09,7998.7,debit,LIC Loan EMI,EMI,Debit Card,True,EMI payment - LIC Loan EMI
txn_cust_010_0029,cust_010,2025-08-22,12267.48,debit,NPS,Savings,Debit Card,True,Savings payment - NPS
txn_cust_010_0030,cust_010,2025-08-22,424.8,debit,PhonePe,UPI Transfer,NEFT,False,UPI Transfer payment - PhonePe
txn_cust_010_0031,cust_010,2025-08-19,824.17,debit,Google Pay,UPI Transfer,NEFT,False,UPI Transfer payment - Google Pay
txn_cust_010_0032,cust_010,2025-08-19,406.72,debit,PhonePe,UPI Transfer,UPI,False,UPI Transfer payment - PhonePe
txn_cust_010_0033,cust_010,2025-09-02,62000.0,credit,Government Employee Salary,Salary,NEFT,True,Salary credit Sep 2025
txn_cust_010_0034,cust_010,2025-09-19,6030.63,debit,Reliance Fresh,Groceries,UPI,True,Groceries payment - Reliance Fresh
txn_cust_010_0035,cust_010,2025-09-13,2709.57,debit,Airtel,Utilities,NEFT,True,Utilities payment - Airtel
txn_cust_010_0036,cust_010,2025-09-28,1432.51,debit,Cab,Transport,UPI,False,Transport payment - Cab
txn_cust_010_0037,cust_010,2025-09-07,1920.93,debit,Apollo Hospital,Healthcare,UPI,False,Healthcare payment - Apollo Hospital
txn_cust_010_0038,cust_010,2025-09-05,2726.24,debit,School Fee,Education,Cash,True,Education payment - School Fee
txn_cust_010_0039,cust_010,2025-09-06,456.12,debit,Local Shop,Shopping,Debit Card,False,Shopping payment - Local Shop
txn_cust_010_0040,cust_010,2025-09-26,599.26,debit,Local Shop,Shopping,Cash,False,Shopping payment - Local Shop
txn_cust_010_0041,cust_010,2025-09-23,1816.67,debit,Local Shop,Shopping,NEFT,False,Shopping payment - Local Shop
txn_cust_010_0042,cust_010,2025-09-22,484.18,debit,PVR,Entertainment,NEFT,False,Entertainment payment - PVR
txn_cust_010_0043,cust_010,2025-09-24,303.32,debit,Netflix,Entertainment,Cash,False,Entertainment payment - Netflix
txn_cust_010_0044,cust_010,2025-09-07,279.95,debit,Netflix,Entertainment,UPI,False,Entertainment payment - Netflix
txn_cust_010_0045,cust_010,2025-09-25,8001.43,debit,LIC Loan EMI,EMI,UPI,True,EMI payment - LIC Loan EMI
txn_cust_010_0046,cust_010,2025-09-28,12181.14,debit,SBI RD,Savings,NEFT,True,Savings payment - SBI RD
txn_cust_010_0047,cust_010,2025-09-21,799.46,debit,PhonePe,UPI Transfer,Cash,False,UPI Transfer payment - PhonePe
txn_cust_010_0048,cust_010,2025-09-10,841.52,debit,Google Pay,UPI Transfer,Debit Card,False,UPI Transfer payment - Google Pay
txn_cust_010_0049,cust_010,2025-09-08,879.78,debit,PhonePe,UPI Transfer,Debit Card,False,UPI Transfer payment - PhonePe
txn_cust_010_0050,cust_010,2025-10-05,62000.0,credit,Government Employee Salary,Salary,NEFT,True,Salary credit Oct 2025
txn_cust_010_0051,cust_010,2025-10-25,6273.71,debit,DMart,Groceries,Debit Card,True,Groceries payment - DMart
txn_cust_010_0052,cust_010,2025-10-11,2514.72,debit,TANGEDCO,Utilities,UPI,True,Utilities payment - TANGEDCO
txn_cust_010_0053,cust_010,2025-10-08,1255.08,debit,Cab,Transport,Cash,False,Transport payment - Cab
txn_cust_010_0054,cust_010,2025-10-14,1176.75,debit,MedPlus,Healthcare,UPI,False,Healthcare payment - MedPlus
txn_cust_010_0055,cust_010,2025-10-21,1085.15,debit,Apollo Hospital,Healthcare,NEFT,False,Healthcare payment - Apollo Hospital
txn_cust_010_0056,cust_010,2025-10-17,2189.7,debit,School Fee,Education,UPI,True,Education payment - School Fee
txn_cust_010_0057,cust_010,2025-10-06,1885.9,debit,Amazon,Shopping,Debit Card,False,Shopping payment - Amazon
txn_cust_010_0058,cust_010,2025-10-08,1548.94,debit,Local Shop,Shopping,NEFT,False,Shopping payment - Local Shop
txn_cust_010_0059,cust_010,2025-10-05,545.85,debit,PVR,Entertainment,Cash,False,Entertainment payment - PVR
txn_cust_010_0060,cust_010,2025-10-25,441.62,debit,Netflix,Entertainment,Cash,False,Entertainment payment - Netflix
txn_cust_010_0061,cust_010,2025-10-16,389.5,debit,Netflix,Entertainment,UPI,False,Entertainment payment - Netflix
txn_cust_010_0062,cust_010,2025-10-06,7999.79,debit,LIC Loan EMI,EMI,NEFT,True,EMI payment - LIC Loan EMI
txn_cust_010_0063,cust_010,2025-10-20,12506.41,debit,SBI RD,Savings,Debit Card,True,Savings payment - SBI RD
txn_cust_010_0064,cust_010,2025-10-12,639.28,debit,Google Pay,UPI Transfer,NEFT,False,UPI Transfer payment - Google Pay
txn_cust_010_0065,cust_010,2025-10-20,803.84,debit,Google Pay,UPI Transfer,NEFT,False,UPI Transfer payment - Google Pay
txn_cust_010_0066,cust_010,2025-10-04,761.05,debit,Google Pay,UPI Transfer,UPI,False,UPI Transfer payment - Google Pay
txn_cust_010_0067,cust_010,2025-11-04,62000.0,credit,Government Employee Salary,Salary,NEFT,True,Salary credit Nov 2025
txn_cust_010_0068,cust_010,2025-11-22,6635.31,debit,Reliance Fresh,Groceries,NEFT,True,Groceries payment - Reliance Fresh
txn_cust_010_0069,cust_010,2025-11-05,2792.52,debit,TANGEDCO,Utilities,NEFT,True,Utilities payment - TANGEDCO
txn_cust_010_0070,cust_010,2025-11-17,1144.93,debit,Auto,Transport,Debit Card,False,Transport payment - Auto
txn_cust_010_0071,cust_010,2025-11-17,100.0,debit,MedPlus,Healthcare,Debit Card,False,Healthcare payment - MedPlus
txn_cust_010_0072,cust_010,2025-11-07,1171.39,debit,MedPlus,Healthcare,Cash,False,Healthcare payment - MedPlus
txn_cust_010_0073,cust_010,2025-11-13,2635.83,debit,School Fee,Education,Cash,True,Education payment - School Fee
txn_cust_010_0074,cust_010,2025-11-09,2906.66,debit,Local Shop,Shopping,UPI,False,Shopping payment - Local Shop
txn_cust_010_0075,cust_010,2025-11-26,1334.4,debit,Netflix,Entertainment,UPI,False,Entertainment payment - Netflix
txn_cust_010_0076,cust_010,2025-11-15,7999.11,debit,LIC Loan EMI,EMI,UPI,True,EMI payment - LIC Loan EMI
txn_cust_010_0077,cust_010,2025-11-28,11208.93,debit,PPF,Savings,Cash,True,Savings payment - PPF
txn_cust_010_0078,cust_010,2025-11-20,515.98,debit,PhonePe,UPI Transfer,Cash,False,UPI Transfer payment - PhonePe
txn_cust_010_0079,cust_010,2025-11-11,305.66,debit,PhonePe,UPI Transfer,Cash,False,UPI Transfer payment - PhonePe
txn_cust_010_0080,cust_010,2025-11-18,882.78,debit,PhonePe,UPI Transfer,UPI,False,UPI Transfer payment - PhonePe
txn_cust_010_0081,cust_010,2025-12-04,62000.0,credit,Government Employee Salary,Salary,NEFT,True,Salary credit Dec 2025
txn_cust_010_0082,cust_010,2025-12-07,5636.83,debit,DMart,Groceries,NEFT,True,Groceries payment - DMart
txn_cust_010_0083,cust_010,2025-12-15,2555.96,debit,TANGEDCO,Utilities,Cash,True,Utilities payment - TANGEDCO
txn_cust_010_0084,cust_010,2025-12-28,1403.05,debit,Auto,Transport,Debit Card,False,Transport payment - Auto
txn_cust_010_0085,cust_010,2025-12-04,1500.82,debit,Apollo Hospital,Healthcare,Cash,False,Healthcare payment - Apollo Hospital
txn_cust_010_0086,cust_010,2025-12-19,278.82,debit,MedPlus,Healthcare,Debit Card,False,Healthcare payment - MedPlus
txn_cust_010_0087,cust_010,2025-12-29,2650.4,debit,School Fee,Education,Cash,True,Education payment - School Fee
txn_cust_010_0088,cust_010,2025-12-15,2050.71,debit,Amazon,Shopping,NEFT,False,Shopping payment - Amazon
txn_cust_010_0089,cust_010,2025-12-05,189.87,debit,Netflix,Entertainment,UPI,False,Entertainment payment - Netflix
txn_cust_010_0090,cust_010,2025-12-27,244.88,debit,PVR,Entertainment,Debit Card,False,Entertainment payment - PVR
txn_cust_010_0091,cust_010,2025-12-22,389.71,debit,PVR,Entertainment,Cash,False,Entertainment payment - PVR
txn_cust_010_0092,cust_010,2025-12-03,7999.46,debit,LIC Loan EMI,EMI,Debit Card,True,EMI payment - LIC Loan EMI
txn_cust_010_0093,cust_010,2025-12-23,11431.11,debit,SBI RD,Savings,Cash,True,Savings payment - SBI RD
txn_cust_010_0094,cust_010,2025-12-14,2397.3,debit,Google Pay,UPI Transfer,NEFT,False,UPI Transfer payment - Google Pay
